        CONTROL INFO 2.4.6
** GAMBIT NEUTRAL FILE
surf_frac_3
PROGRAM:                Gambit     VERSION:  2.4.6
test
     NUMNP     NELEM     NGRPS    NBSETS     NDFCD     NDFVL
       792      1482         1         1         2         2
ENDOFSECTION
   NODAL COORDINATES 2.4.6
         1  3.10000000000e+001  1.90000000000e+001
         2  2.00000000000e+001  3.00000000000e+001
         3  2.96250000000e+001  2.03750000000e+001
         4  2.82500000000e+001  2.17500000000e+001
         5  2.68750000000e+001  2.31250000000e+001
         6  2.55000000000e+001  2.45000000000e+001
         7  2.41250000000e+001  2.58750000000e+001
         8  2.27500000000e+001  2.72500000000e+001
         9  2.13750000000e+001  2.86250000000e+001
        10  0.00000000000e+000  0.00000000000e+000
        11  5.00000000000e+001  0.00000000000e+000
        12  2.00000000000e+000  0.00000000000e+000
        13  4.00000000000e+000  0.00000000000e+000
        14  6.00000000000e+000  0.00000000000e+000
        15  8.00000000000e+000  0.00000000000e+000
        16  1.00000000000e+001  0.00000000000e+000
        17  1.20000000000e+001  0.00000000000e+000
        18  1.40000000000e+001  0.00000000000e+000
        19  1.60000000000e+001  0.00000000000e+000
        20  1.80000000000e+001  0.00000000000e+000
        21  2.00000000000e+001  0.00000000000e+000
        22  2.20000000000e+001  0.00000000000e+000
        23  2.40000000000e+001  0.00000000000e+000
        24  2.60000000000e+001  0.00000000000e+000
        25  2.80000000000e+001  0.00000000000e+000
        26  3.00000000000e+001  0.00000000000e+000
        27  3.20000000000e+001  0.00000000000e+000
        28  3.40000000000e+001  0.00000000000e+000
        29  3.60000000000e+001  0.00000000000e+000
        30  3.80000000000e+001  0.00000000000e+000
        31  4.00000000000e+001  0.00000000000e+000
        32  4.20000000000e+001  0.00000000000e+000
        33  4.40000000000e+001  0.00000000000e+000
        34  4.60000000000e+001  0.00000000000e+000
        35  4.80000000000e+001  0.00000000000e+000
        36  5.00000000000e+001  5.00000000000e+001
        37  5.00000000000e+001  2.00000000000e+000
        38  5.00000000000e+001  4.00000000000e+000
        39  5.00000000000e+001  6.00000000000e+000
        40  5.00000000000e+001  8.00000000000e+000
        41  5.00000000000e+001  1.00000000000e+001
        42  5.00000000000e+001  1.20000000000e+001
        43  5.00000000000e+001  1.40000000000e+001
        44  5.00000000000e+001  1.60000000000e+001
        45  5.00000000000e+001  1.80000000000e+001
        46  5.00000000000e+001  2.00000000000e+001
        47  5.00000000000e+001  2.20000000000e+001
        48  5.00000000000e+001  2.40000000000e+001
        49  5.00000000000e+001  2.60000000000e+001
        50  5.00000000000e+001  2.80000000000e+001
        51  5.00000000000e+001  3.00000000000e+001
        52  5.00000000000e+001  3.20000000000e+001
        53  5.00000000000e+001  3.40000000000e+001
        54  5.00000000000e+001  3.60000000000e+001
        55  5.00000000000e+001  3.80000000000e+001
        56  5.00000000000e+001  4.00000000000e+001
        57  5.00000000000e+001  4.20000000000e+001
        58  5.00000000000e+001  4.40000000000e+001
        59  5.00000000000e+001  4.60000000000e+001
        60  5.00000000000e+001  4.80000000000e+001
        61  0.00000000000e+000  5.00000000000e+001
        62  4.80000000000e+001  5.00000000000e+001
        63  4.60000000000e+001  5.00000000000e+001
        64  4.40000000000e+001  5.00000000000e+001
        65  4.20000000000e+001  5.00000000000e+001
        66  4.00000000000e+001  5.00000000000e+001
        67  3.80000000000e+001  5.00000000000e+001
        68  3.60000000000e+001  5.00000000000e+001
        69  3.40000000000e+001  5.00000000000e+001
        70  3.20000000000e+001  5.00000000000e+001
        71  3.00000000000e+001  5.00000000000e+001
        72  2.80000000000e+001  5.00000000000e+001
        73  2.60000000000e+001  5.00000000000e+001
        74  2.40000000000e+001  5.00000000000e+001
        75  2.20000000000e+001  5.00000000000e+001
        76  2.00000000000e+001  5.00000000000e+001
        77  1.80000000000e+001  5.00000000000e+001
        78  1.60000000000e+001  5.00000000000e+001
        79  1.40000000000e+001  5.00000000000e+001
        80  1.20000000000e+001  5.00000000000e+001
        81  1.00000000000e+001  5.00000000000e+001
        82  8.00000000000e+000  5.00000000000e+001
        83  6.00000000000e+000  5.00000000000e+001
        84  4.00000000000e+000  5.00000000000e+001
        85  2.00000000000e+000  5.00000000000e+001
        86  0.00000000000e+000  4.80000000000e+001
        87  0.00000000000e+000  4.60000000000e+001
        88  0.00000000000e+000  4.40000000000e+001
        89  0.00000000000e+000  4.20000000000e+001
        90  0.00000000000e+000  4.00000000000e+001
        91  0.00000000000e+000  3.80000000000e+001
        92  0.00000000000e+000  3.60000000000e+001
        93  0.00000000000e+000  3.40000000000e+001
        94  0.00000000000e+000  3.20000000000e+001
        95  0.00000000000e+000  3.00000000000e+001
        96  0.00000000000e+000  2.80000000000e+001
        97  0.00000000000e+000  2.60000000000e+001
        98  0.00000000000e+000  2.40000000000e+001
        99  0.00000000000e+000  2.20000000000e+001
       100  0.00000000000e+000  2.00000000000e+001
       101  0.00000000000e+000  1.80000000000e+001
       102  0.00000000000e+000  1.60000000000e+001
       103  0.00000000000e+000  1.40000000000e+001
       104  0.00000000000e+000  1.20000000000e+001
       105  0.00000000000e+000  1.00000000000e+001
       106  0.00000000000e+000  8.00000000000e+000
       107  0.00000000000e+000  6.00000000000e+000
       108  0.00000000000e+000  4.00000000000e+000
       109  0.00000000000e+000  2.00000000000e+000
       110  4.00000000000e+001  1.00000000000e+001
       111  3.85000000000e+001  1.15000000000e+001
       112  3.70000000000e+001  1.30000000000e+001
       113  3.55000000000e+001  1.45000000000e+001
       114  3.40000000000e+001  1.60000000000e+001
       115  3.25000000000e+001  1.75000000000e+001
       116  1.00000000000e+001  2.50000000000e+001
       117  1.83333333333e+001  2.91666666667e+001
       118  1.66666666667e+001  2.83333333333e+001
       119  1.50000000000e+001  2.75000000000e+001
       120  1.33333333333e+001  2.66666666667e+001
       121  1.16666666667e+001  2.58333333333e+001
       122  3.00000000000e+001  3.50000000000e+001
       123  2.83333333333e+001  3.41666666667e+001
       124  2.66666666667e+001  3.33333333333e+001
       125  2.50000000000e+001  3.25000000000e+001
       126  2.33333333333e+001  3.16666666667e+001
       127  2.16666666667e+001  3.08333333333e+001
       128  1.00000000000e+001  4.00000000000e+001
       129  1.85714285714e+001  3.14285714286e+001
       130  1.71428571429e+001  3.28571428571e+001
       131  1.57142857143e+001  3.42857142857e+001
       132  1.42857142857e+001  3.57142857143e+001
       133  1.28571428571e+001  3.71428571429e+001
       134  1.14285714286e+001  3.85714285714e+001
       135  2.50000000000e+001  1.00000000000e+001
       136  2.62000000000e+001  1.18000000000e+001
       137  2.74000000000e+001  1.36000000000e+001
       138  2.86000000000e+001  1.54000000000e+001
       139  2.98000000000e+001  1.72000000000e+001
       140  3.50000000000e+001  2.50000000000e+001
       141  3.20000000000e+001  2.05000000000e+001
       142  3.30000000000e+001  2.20000000000e+001
       143  3.40000000000e+001  2.35000000000e+001
       144  2.86838208743e+001  1.86869701362e+001
       145  1.97590446684e+001  2.83175589116e+001
       146  2.28643891973e+001  1.80661077000e+001
       147  3.33557232873e+001  1.91470659608e+001
       148  3.42756581859e+001  2.07330703512e+001
       149  3.52043202443e+001  2.23039857743e+001
       150  3.61136912895e+001  2.38983547294e+001
       151  2.74380747126e+001  2.00986316888e+001
       152  2.61320251561e+001  2.14704421259e+001
       153  2.47852229781e+001  2.28166272921e+001
       154  2.34184076074e+001  2.41646966433e+001
       155  2.20483279254e+001  2.55399967517e+001
       156  2.07201239897e+001  2.69502454948e+001
       157  3.47807132854e+001  1.77310268319e+001
       158  1.30251475205e+001  1.31417754207e+000
       159  2.76004404298e+001  1.69638281645e+001
       160  2.02934222469e+001  3.21603055007e+001
       161  3.62273785119e+001  1.62853122306e+001
       162  2.64576557223e+001  1.52371697611e+001
       163  2.19871142679e+001  3.29475586251e+001
       164  1.85232332443e+001  2.69581659748e+001
       165  1.65220918477e+001  2.61632135254e+001
       166  1.47191406122e+001  2.53517197085e+001
       167  2.36681752350e+001  3.37525784083e+001
       168  1.29819616952e+001  2.45335104976e+001
       169  2.53440236756e+001  3.45664360639e+001
       170  1.12506877458e+001  2.37214812387e+001
       171  2.70222331886e+001  3.53838637585e+001
       172  3.76830334748e+001  1.48232262250e+001
       173  2.87170599862e+001  3.61979248214e+001
       174  1.89032426106e+001  3.35392088985e+001
       175  2.52918101531e+001  1.35162188962e+001
       176  3.91458884177e+001  1.33490006684e+001
       177  1.75013543500e+001  3.49380557524e+001
       178  1.60909210793e+001  3.63474033088e+001
       179  1.46711568418e+001  3.77622065149e+001
       180  1.32340364151e+001  3.91689111680e+001
       181  1.17648318543e+001  4.05745776751e+001
       182  4.06160304431e+001  1.18662149653e+001
       183  2.41339458306e+001  1.17953403125e+001
       184  1.67939638388e+001  3.05829895699e+001
       185  1.50685800585e+001  2.96351281042e+001
       186  1.33796508148e+001  2.86372332024e+001
       187  1.16984147752e+001  2.77538160034e+001
       188  1.00302917400e+001  2.68977517395e+001
       189  2.31687525218e+001  2.94570149307e+001
       190  2.49135872960e+001  3.03917086966e+001
       191  2.66055722928e+001  3.13867813300e+001
       192  2.82687624056e+001  3.22907534464e+001
       193  2.99305926532e+001  3.31665843751e+001
       194  2.48646786231e+001  2.80785533850e+001
       195  2.60934829109e+001  2.62987188206e+001
       196  2.74491634349e+001  2.48872592715e+001
       197  2.87746702512e+001  2.34619652115e+001
       198  3.01504008366e+001  2.19844018683e+001
       199  1.50752474312e+001  3.19975923318e+001
       200  1.38107061384e+001  3.38194441705e+001
       201  1.23796278504e+001  3.52349393740e+001
       202  1.09133955087e+001  3.66139103658e+001
       203  9.42313991812e+000  3.80207092437e+001
       204  3.13894257677e+001  1.52168719756e+001
       205  3.34895043368e+001  1.39512341680e+001
       206  3.50967648607e+001  1.25463589079e+001
       207  3.64894528218e+001  1.10098436164e+001
       208  3.79440905919e+001  9.46154712797e+000
       209  2.96912826217e+001  1.33636666940e+001
       210  2.83832571237e+001  1.15944075295e+001
       211  2.71943045319e+001  9.87688704321e+000
       212  3.22793653275e+001  2.37408423592e+001
       213  3.31689345554e+001  2.52517236542e+001
       214  1.39974953497e+000  1.41392742674e+000
       215  1.39969465974e+000  4.85932452568e+001
       216  4.85906696041e+001  1.39167252925e+000
       217  4.85917396333e+001  4.86032654936e+001
       218  4.68636169504e+001  1.64109229095e+000
       219  4.80473216217e+001  3.21335499139e+000
       220  1.65700366937e+000  3.14519608213e+000
       221  3.23573806380e+000  1.96039004808e+000
       222  4.80583272717e+001  4.67742365193e+001
       223  4.68680090780e+001  4.83447045551e+001
       224  3.22586766069e+000  4.80786004157e+001
       225  1.68042893028e+000  4.68583155146e+001
       226  4.48913423436e+001  1.70553828927e+000
       227  4.82822598813e+001  5.25516200521e+000
       228  5.29850438873e+000  1.73353777671e+000
       229  1.73653878038e+000  5.12621323460e+000
       230  4.82958115793e+001  4.47302283046e+001
       231  4.48963393255e+001  4.82543532341e+001
       232  5.25031440264e+000  4.83432532578e+001
       233  1.85334248487e+000  4.48403329395e+001
       234  4.29049258729e+001  1.71445937147e+000
       235  4.82771848648e+001  7.22128767397e+000
       236  7.29135348264e+000  1.74160303826e+000
       237  1.76726866587e+000  7.12911686753e+000
       238  4.82859910177e+001  4.27670848374e+001
       239  4.29060082578e+001  4.82050582570e+001
       240  7.20031300632e+000  4.83174314919e+001
       241  1.85997873220e+000  4.28412727750e+001
       242  4.09004791734e+001  1.73243283622e+000
       243  4.82230223280e+001  9.23065228436e+000
       244  9.31462790009e+000  1.71807463173e+000
       245  1.76239746774e+000  9.14102338087e+000
       246  3.88993895451e+001  1.79636862092e+000
       247  4.82928387409e+001  1.11577313482e+001
       248  9.19371654975e+000  4.82195716310e+001
       249  4.82674009877e+001  4.07829467450e+001
       250  1.78878995866e+000  4.08045561976e+001
       251  3.68816660996e+001  1.84303588020e+000
       252  3.48091736071e+001  1.91568527665e+000
       253  3.28123965841e+001  1.86313159758e+000
       254  3.07886356106e+001  1.82695813189e+000
       255  2.88013191001e+001  1.80757054180e+000
       256  2.67757925881e+001  1.68942907321e+000
       257  2.47789369486e+001  1.65393260166e+000
       258  2.27980044481e+001  1.63786771709e+000
       259  4.09066377346e+001  4.81868478935e+001
       260  2.08053508585e+001  1.65793816156e+000
       261  4.83510083592e+001  1.30957519900e+001
       262  1.87971920338e+001  1.70650737380e+000
       263  4.81999086802e+001  1.50604848854e+001
       264  1.67646705966e+001  1.71144681134e+000
       265  4.81664073279e+001  1.70514635993e+001
       266  1.47341359736e+001  1.62669723370e+000
       267  1.13300877254e+001  1.63024796810e+000
       268  4.82121920848e+001  1.90804391456e+001
       269  1.75550786433e+000  1.11478037639e+001
       270  4.86782895126e+001  3.09185164021e+001
       271  4.81697602406e+001  2.10903115302e+001
       272  1.12048191232e+001  4.81421390012e+001
       273  4.82370889307e+001  3.87776218339e+001
       274  1.75173624999e+000  3.88252083639e+001
       275  3.89085844860e+001  4.81728939094e+001
       276  4.81581268756e+001  2.30903579465e+001
       277  1.74242779316e+000  1.31461753591e+001
       278  1.32257044069e+001  4.81467929774e+001
       279  4.82053765344e+001  3.67416304357e+001
       280  4.82258505858e+001  2.51166556057e+001
       281  1.71429253004e+000  3.68446117846e+001
       282  3.69041540109e+001  4.81618069412e+001
       283  1.72717502489e+000  1.51406670505e+001
       284  4.82959661053e+001  2.71676497342e+001
       285  1.52227759304e+001  4.81596381887e+001
       286  4.81864346215e+001  3.46612634056e+001
       287  1.70711456896e+000  3.48725985972e+001
       288  3.48964567641e+001  4.81645761037e+001
       289  1.73065145667e+000  1.71423051511e+001
       290  4.83825578388e+001  2.91907966780e+001
       291  4.83004425937e+001  3.26156748318e+001
       292  1.71895067499e+001  4.81855126573e+001
       293  1.64779959162e+000  3.28959650932e+001
       294  3.28902405402e+001  4.81852067185e+001
       295  1.75946719278e+000  1.91509752298e+001
       296  3.15904607086e+001  2.23511786139e+001
       297  1.91589825026e+001  4.82304309794e+001
       298  3.09121128335e+001  4.82341593490e+001
       299  1.59174973306e+000  3.09357556251e+001
       300  1.76737783880e+000  2.11574360576e+001
       301  2.11252626572e+001  4.82355576385e+001
       302  2.89506445568e+001  4.82765356979e+001
       303  2.30878327726e+001  4.82028180393e+001
       304  1.53186983184e+000  2.90385844925e+001
       305  1.78044661587e+000  2.32013000552e+001
       306  2.50391575633e+001  4.81946364555e+001
       307  2.69868903505e+001  4.82470717048e+001
       308  1.58582784297e+000  2.71528887618e+001
       309  1.73931866114e+000  2.52258206549e+001
       310  3.17865758691e+001  1.28300226002e+001
       311  4.68624876131e+001  1.22525798551e+001
       312  2.65334248629e+001  1.84392984879e+001
       313  2.53662649931e+001  1.98328997279e+001
       314  2.40879653000e+001  2.11486939285e+001
       315  3.56178245163e+001  1.94023779322e+001
       316  3.64853086742e+001  2.10400277808e+001
       317  3.73508902094e+001  2.26753080687e+001
       318  2.27433582986e+001  2.24410068409e+001
       319  2.06286455383e+001  3.42701223540e+001
       320  2.23292541593e+001  3.50373589180e+001
       321  2.40158506265e+001  3.58257484886e+001
       322  2.56988872945e+001  3.66256684145e+001
       323  2.73910612085e+001  3.74259435331e+001
       324  2.13702950502e+001  2.37823157292e+001
       325  1.99713437096e+001  2.52313930023e+001
       326  3.34673437828e+001  1.21398772028e+001
       327  1.92558218355e+001  3.56266375470e+001
       328  3.04950319500e+001  1.12368782882e+001
       329  2.54990486260e+001  1.67851073370e+001
       330  2.43696964011e+001  1.51549555210e+001
       331  2.32238219516e+001  1.35144816735e+001
       332  1.78664649786e+001  3.70056495793e+001
       333  3.70030268671e+001  1.80212817078e+001
       334  3.84065702414e+001  1.66049935199e+001
       335  3.98224507438e+001  1.51629100630e+001
       336  4.12537883404e+001  1.36985739666e+001
       337  3.45085085739e+001  1.06167068843e+001
       338  1.64599867889e+001  3.84066917568e+001
       339  1.50332682131e+001  3.98170608227e+001
       340  1.35680442399e+001  4.11784934543e+001
       341  3.58526998760e+001  9.01760595979e+000
       342  1.34016057935e+001  3.06073998373e+001
       343  1.32244856235e+001  3.22685769190e+001
       344  1.19387270028e+001  3.33983844142e+001
       345  1.04789213865e+001  3.46631142285e+001
       346  1.17166085105e+001  2.96784338449e+001
       347  1.00428806254e+001  2.88173148125e+001
       348  8.95919225637e+000  3.60087758950e+001
       349  2.93038526570e+001  9.59040788488e+000
       350  2.65890403245e+001  2.94301533209e+001
       351  2.67596800262e+001  2.77925548941e+001
       352  2.80683735699e+001  2.66487183790e+001
       353  2.93815852378e+001  2.52620382514e+001
       354  3.05520387028e+001  2.37321838998e+001
       355  2.82538038314e+001  3.03786591194e+001
       356  2.98537253374e+001  3.13068918520e+001
       357  1.79968304965e+001  2.47500129056e+001
       358  1.61230021549e+001  2.40108811496e+001
       359  1.43303200036e+001  2.32097641235e+001
       360  1.25692759307e+001  2.24093374644e+001
       361  9.45933383245e+000  2.29287792570e+001
       362  1.07920788296e+001  2.16354392809e+001
       363  3.04707286676e+001  3.69914203789e+001
       364  2.91087727691e+001  3.82111532412e+001
       365  3.69684530743e+001  2.56140237314e+001
       366  3.81372941054e+001  2.43361944173e+001
       367  3.41530117229e+001  2.68412578084e+001
       368  3.59779391848e+001  2.70272909935e+001
       369  2.30241856044e+001  1.00822086713e+001
       370  2.21007333987e+001  1.18485600579e+001
       371  8.33458796368e+000  2.60610481615e+001
       372  8.10996031076e+000  2.41393316657e+001
       373  3.16536278322e+001  3.40012622516e+001
       374  3.19134611305e+001  3.58536172161e+001
       375  4.20469993255e+001  1.03624049761e+001
       376  4.27325380054e+001  1.22190485707e+001
       377  7.90596549113e+000  3.94702582832e+001
       378  7.38681572356e+000  3.74346382975e+001
       379  3.94475399723e+001  7.89448704662e+000
       380  3.73945080842e+001  7.41161057280e+000
       381  1.02260176664e+001  4.20128956197e+001
       382  1.20578181757e+001  4.25298600043e+001
       383  2.61081071990e+001  8.22427777557e+000
       384  2.81857479370e+001  7.97525265496e+000
       385  3.12733209883e+001  2.54022027508e+001
       386  3.22371020225e+001  2.69516403420e+001
       387  3.25188829078e+001  1.07329124004e+001
       388  3.13610614423e+001  9.22378365669e+000
       389  1.17212932178e+001  3.15511563338e+001
       390  3.02129489184e+001  7.59783072977e+000
       391  1.00448056531e+001  3.07491348397e+001
       392  2.83290254175e+001  2.84744618032e+001
       393  2.99009387170e+001  2.93778352993e+001
       394  2.45573039573e+001  1.82297444430e+001
       395  2.34897958730e+001  1.67090814100e+001
       396  2.34350849750e+001  1.95236888062e+001
       397  2.21318720014e+001  2.07036245805e+001
       398  2.07745424811e+001  2.19562277948e+001
       399  1.93960953623e+001  2.32962478318e+001
       400  1.75075270827e+001  2.26495789627e+001
       401  1.56898137561e+001  2.18739175291e+001
       402  1.39069983877e+001  2.10604807370e+001
       403  1.21287081768e+001  2.02914486164e+001
       404  3.78149638382e+001  1.97192928482e+001
       405  3.91661117654e+001  1.83499912719e+001
       406  3.86437776134e+001  2.14036536182e+001
       407  3.94823547067e+001  2.31020722649e+001
       408  2.23306546153e+001  1.52043026688e+001
       409  2.12082393210e+001  1.35738277096e+001
       410  4.05295031652e+001  1.69424802762e+001
       411  4.19079192587e+001  1.55062351243e+001
       412  4.32945055799e+001  1.40400537971e+001
       413  1.01665143050e+001  3.27005951299e+001
       414  2.09798092899e+001  3.63546679405e+001
       415  1.96122135404e+001  3.76933095909e+001
       416  1.82186872681e+001  3.90587150858e+001
       417  1.67995553666e+001  4.04739365334e+001
       418  2.26803028883e+001  3.71128018878e+001
       419  2.43689758480e+001  3.78916910506e+001
       420  2.60585016900e+001  3.86822140749e+001
       421  2.77640248946e+001  3.94654184704e+001
       422  1.53490037770e+001  4.19191849705e+001
       423  8.40753057789e+000  2.79385004238e+001
       424  3.14743005317e+001  3.21929291231e+001
       425  8.60540779191e+000  3.39529480594e+001
       426  1.38350678019e+001  4.31370728800e+001
       427  7.01789425036e+000  3.53215283826e+001
       428  8.28209361656e+000  4.14968987739e+001
       429  3.01055771012e+001  2.72418519502e+001
       430  4.14721974290e+001  8.43454261611e+000
       431  2.40367062256e+001  8.31307470350e+000
       432  3.35842276572e+001  8.63232133771e+000
       433  3.53087089999e+001  7.06804760757e+000
       434  3.78534226165e+001  2.74209849079e+001
       435  3.88420527618e+001  2.60319440912e+001
       436  3.33176116950e+001  2.84171761788e+001
       437  3.50649716427e+001  2.85859716243e+001
       438  2.10172617374e+001  1.01852439539e+001
       439  2.00877205239e+001  1.19549911448e+001
       440  2.71171190813e+001  6.48366770469e+000
       441  2.91404885575e+001  6.03814036713e+000
       442  7.57445051573e+000  2.21599878183e+001
       443  8.96763988793e+000  2.08922762466e+001
       444  3.22628279166e+001  3.77717323380e+001
       445  3.08518429821e+001  3.89650003968e+001
       446  4.40952073110e+001  1.06880201820e+001
       447  4.49646278926e+001  1.25639788438e+001
       448  6.67995211656e+000  2.52727472963e+001
       449  6.37405171017e+000  2.34227320666e+001
       450  3.34493405373e+001  3.47481559853e+001
       451  3.37388515943e+001  3.66259588711e+001
       452  1.05718433008e+001  4.40650536413e+001
       453  1.23729524964e+001  4.43150994415e+001
       454  5.80437767173e+000  3.89814868898e+001
       455  5.30994854036e+000  3.67882132637e+001
       456  3.89744120252e+001  5.64261256128e+000
       457  3.67564006115e+001  5.46699390418e+000
       458  4.58263016230e+001  3.36693442384e+000
       459  4.66717742357e+001  4.71746563465e+000
       460  4.65506877844e+001  6.41956361621e+000
       461  4.65761542612e+001  8.36855728393e+000
       462  4.62963635305e+001  1.05171175917e+001
       463  4.65949165910e+001  1.39599692418e+001
       464  5.29118751413e+000  2.45520274319e+001
       465  4.61718271376e+001  1.60531513272e+001
       466  4.64659983877e+001  1.81524295122e+001
       467  4.64105882549e+001  2.01473671608e+001
       468  4.62343966695e+001  2.21409883806e+001
       469  4.63548379459e+001  2.41970245458e+001
       470  4.65663692819e+001  2.62883636824e+001
       471  4.66486300705e+001  2.84416743345e+001
       472  4.38092950336e+001  3.46349137559e+000
       473  4.18232700459e+001  3.37667568808e+000
       474  3.98366968583e+001  3.51906023108e+000
       475  3.78558324189e+001  3.67629153769e+000
       476  3.57739475168e+001  3.66591808035e+000
       477  3.35049019783e+001  3.99190001981e+000
       478  3.16153001727e+001  3.44414868259e+000
       479  2.96277337888e+001  3.84359916059e+000
       480  2.75102347185e+001  3.39167198426e+000
       481  2.55233096013e+001  3.31548843174e+000
       482  2.35612487012e+001  3.29202713741e+000
       483  2.16325657254e+001  3.24818803271e+000
       484  1.96540820818e+001  3.36252046664e+000
       485  1.76156530690e+001  3.47111709184e+000
       486  1.54276430205e+001  3.37062306638e+000
       487  1.30541728517e+001  3.11209748717e+000
       488  4.68954101972e+001  3.07715441441e+001
       489  3.40807036937e+000  4.18379765385e+000
       490  4.77360222503e+000  3.33433988830e+000
       491  6.53364769370e+000  3.48807280796e+000
       492  8.56673606596e+000  3.47906403499e+000
       493  1.07006566052e+001  3.38656888676e+000
       494  3.54334393634e+000  6.21895270749e+000
       495  3.52303774829e+000  8.26737804561e+000
       496  3.51141774888e+000  1.02888148127e+001
       497  3.49774698954e+000  1.23029211807e+001
       498  3.45990869592e+000  1.42883580212e+001
       499  3.42176094423e+000  1.62677023523e+001
       500  3.45966417289e+000  1.82715610791e+001
       501  3.55391673486e+000  2.03003110887e+001
       502  3.48655167284e+000  2.22966924392e+001
       503  3.59241120591e+000  2.44878774165e+001
       504  3.46011913455e+000  4.58595117287e+001
       505  4.72620411578e+000  4.68161478471e+001
       506  6.39552583015e+000  4.66825277134e+001
       507  8.27112386250e+000  4.66109986915e+001
       508  1.03033790893e+001  4.62896534327e+001
       509  1.24193088663e+001  4.62754837571e+001
       510  1.44667582775e+001  4.63332604385e+001
       511  1.63973672248e+001  4.62952977211e+001
       512  1.83423902942e+001  4.64352485263e+001
       513  2.02681789846e+001  4.64967232402e+001
       514  2.21804654397e+001  4.64475672716e+001
       515  2.41207930438e+001  4.63377235804e+001
       516  3.94307880482e+000  4.36603670309e+001
       517  3.47654855852e+000  4.16128858650e+001
       518  3.62127582738e+000  3.95633256968e+001
       519  3.37759856014e+000  3.76426780138e+001
       520  3.46817053940e+000  3.57351573201e+001
       521  3.37217654133e+000  3.37241688819e+001
       522  3.21119288991e+000  3.17710047487e+001
       523  3.16340572751e+000  2.98505889246e+001
       524  2.97336866097e+000  2.82322663983e+001
       525  4.58595203023e+001  4.65986005880e+001
       526  4.67175236354e+001  4.52559610846e+001
       527  4.65784584963e+001  4.35429065556e+001
       528  4.65586788813e+001  4.16043319699e+001
       529  4.65105427404e+001  3.96272386911e+001
       530  4.64489733003e+001  3.76046169467e+001
       531  4.64007722750e+001  3.55006089903e+001
       532  4.63603519902e+001  3.31898131891e+001
       533  4.38528252760e+001  4.64425400079e+001
       534  4.18335174102e+001  4.64219717455e+001
       535  3.98345489034e+001  4.63723433066e+001
       536  3.78408947710e+001  4.63409924164e+001
       537  3.58134113418e+001  4.63114170654e+001
       538  3.37816928556e+001  4.63442541322e+001
       539  3.17428068594e+001  4.63888699088e+001
       540  2.98423019736e+001  4.65274056162e+001
       541  2.79443009518e+001  4.65909416815e+001
       542  4.00847495696e+001  2.47917498674e+001
       543  3.15473729967e+001  2.86369964571e+001
       544  8.34985051975e+000  2.98690205905e+001
       545  1.88868414893e+001  2.13299065449e+001
       546  1.70658058891e+001  2.05600565951e+001
       547  1.03268265633e+001  1.95648606102e+001
       548  2.13323838875e+001  3.84263371166e+001
       549  2.30273371352e+001  3.91769303706e+001
       550  2.47178007903e+001  3.99523875505e+001
       551  2.64114225300e+001  4.07425340354e+001
       552  3.13548690999e+001  3.04224032551e+001
       553  2.02754890008e+001  2.01051034811e+001
       554  2.16382980741e+001  1.89446013208e+001
       555  1.52775187058e+001  1.97298622713e+001
       556  1.37729660899e+001  4.48721818745e+001
       557  1.34705938224e+001  1.88786052429e+001
       558  1.99565800703e+001  3.97337385807e+001
       559  3.19962076242e+001  7.43411058412e+000
       560  3.34187169413e+001  6.30260028852e+000
       561  3.13604455548e+001  5.48783721687e+000
       562  3.49345726595e+001  5.28296534338e+000
       563  3.99577296099e+001  2.00730998892e+001
       564  4.07495928011e+001  2.17981483913e+001
       565  4.12690985156e+001  1.86966197503e+001
       566  4.25924117590e+001  1.72799191522e+001
       567  4.39427401574e+001  1.58528581266e+001
       568  4.50073095708e+001  1.44953890633e+001
       569  3.68674279269e+001  2.89097253010e+001
       570  1.85441101655e+001  4.10811037364e+001
       571  1.71070657956e+001  4.25610555691e+001
       572  1.55516829146e+001  4.42321017478e+001
       573  2.94963505039e+001  4.02283598431e+001
       574  4.82047837278e+000  2.32049909481e+001
       575  6.68081257441e+000  2.71551157056e+001
       576  3.31778709021e+001  3.29329855679e+001
       577  6.46867137744e+000  4.09452733357e+001
       578  8.64157217952e+000  4.34034003768e+001
       579  2.19701454387e+001  8.36117337867e+000
       580  4.33946756254e+001  8.85751512958e+000
       581  4.10260248003e+001  6.50812691915e+000
       582  2.51224565764e+001  6.60118013607e+000
       583  8.34920199882e+000  3.18604940378e+001
       584  6.74884507094e+000  3.31281711456e+001
       585  5.16223860262e+000  3.45459224079e+001
       586  2.14585318824e+001  1.69924727781e+001
       587  2.03936150306e+001  1.52562004243e+001
       588  1.92202902430e+001  1.37163615255e+001
       589  3.97344275525e+001  2.77182901211e+001
       590  3.87481828909e+001  2.92340297776e+001
       591  7.07972176790e+000  2.01853172898e+001
       592  5.45961466075e+000  2.15111750279e+001
       593  3.26013924400e+001  3.96864617155e+001
       594  2.62239329718e+001  4.94291595547e+000
       595  2.79598010289e+001  4.92321181665e+000
       596  3.40471213174e+001  3.85374788330e+001
       597  3.52465135140e+001  3.54598933082e+001
       598  3.55314181787e+001  3.73962199742e+001
       599  1.90151267918e+001  1.03262884593e+001
       600  1.99808520888e+001  8.54923650877e+000
       601  3.41066558480e+001  3.00213926756e+001
       602  3.26462044011e+001  2.97353929392e+001
       603  4.50606611551e+001  9.20748699521e+000
       604  4.95109902500e+000  3.24446777388e+001
       605  9.05704627393e+000  4.50614440572e+001
       606  1.13982986706e+001  4.52574468759e+001
       607  4.55538317426e+000  3.82469050712e+001
       608  4.88961441942e+000  4.05808246954e+001
       609  1.96888943767e+001  1.66736124283e+001
       610  4.08161324473e+001  4.84961341615e+000
       611  2.81423165808e+001  4.15027065753e+001
       612  1.16650425553e+001  1.82034051233e+001
       613  6.89431422096e+000  2.88829985947e+001
       614  2.16738824378e+001  4.05085006589e+001
       615  2.33567751604e+001  4.12108883812e+001
       616  2.50471785697e+001  4.20212639228e+001
       617  1.84809027050e+001  1.93496922942e+001
       618  1.67104289045e+001  1.84288296362e+001
       619  1.49168111830e+001  1.75935207667e+001
       620  1.99491885271e+001  1.82575013212e+001
       621  4.17430684410e+001  2.36217064690e+001
       622  3.29021148594e+001  3.12159451528e+001
       623  4.04528931146e+001  2.63807827378e+001
       624  4.20645542919e+001  2.04338396685e+001
       625  8.51574646031e+000  1.88669683684e+001
       626  4.32962705255e+001  1.90515185865e+001
       627  4.45993880678e+001  1.75626597202e+001
       628  3.49533645903e+001  3.35701939080e+001
       629  2.02714652886e+001  4.17064733330e+001
       630  1.88721494122e+001  4.30070192183e+001
       631  1.75928130856e+001  4.45576374483e+001
       632  6.45283342842e+000  4.31034878981e+001
       633  5.05618824254e+000  4.20597899805e+001
       634  7.33821363355e+000  4.49573246158e+001
       635  5.05577134755e+000  2.61811206475e+001
       636  4.30258149450e+001  6.94375787299e+000
       637  4.48786177257e+001  7.47696785326e+000
       638  2.30571561434e+001  6.62476575598e+000
       639  2.08049600342e+001  6.53795887906e+000
       640  6.39565440416e+000  3.07649753171e+001
       641  3.58140043812e+001  3.03979572182e+001
       642  2.42928621679e+001  4.95624978155e+000
       643  3.76706212524e+001  3.08171731885e+001
       644  3.12331162134e+001  4.09250930717e+001
       645  1.80813358158e+001  1.21113284732e+001
       646  1.84717520131e+001  1.54951715963e+001
       647  2.60431151229e+001  4.63894355716e+001
       648  2.37439383024e+001  4.29927863298e+001
       649  4.07084013669e+001  2.94117936782e+001
       650  4.17401034362e+001  2.76556200682e+001
       651  3.70047189027e+001  3.62176131031e+001
       652  3.67639348224e+001  3.42167795352e+001
       653  5.22971479447e+000  1.93416639215e+001
       654  6.74644760281e+000  1.82143879180e+001
       655  3.43376131341e+001  4.04396389407e+001
       656  3.29370815312e+001  4.15408617877e+001
       657  3.58210399832e+001  3.93428057356e+001
       658  1.80059369324e+001  8.71009841033e+000
       659  1.70134443311e+001  1.04350572750e+001
       660  5.38852128114e+000  4.50974090340e+001
       661  3.35895552729e+000  2.66238361657e+001
       662  4.50126272322e+001  1.92064253588e+001
       663  4.47341654752e+001  5.36266432312e+000
       664  5.43364208674e+000  5.24112158189e+000
       665  4.48580397770e+001  4.46104612897e+001
       666  5.04763060346e+000  1.73549186106e+001
       667  4.25917563997e+001  5.10003307949e+000
       668  5.11858290076e+000  1.54148294340e+001
       669  1.94459517736e+001  4.48037924245e+001
       670  5.23993011586e+000  1.34889387335e+001
       671  5.23624017161e+000  1.14464781518e+001
       672  5.27268811064e+000  9.41820757084e+000
       673  5.26783123288e+000  7.39541078171e+000
       674  4.27660264773e+001  4.47468020255e+001
       675  4.07973112995e+001  4.46605700792e+001
       676  3.88056930398e+001  4.45189963508e+001
       677  3.68360248950e+001  4.45196341074e+001
       678  3.47062934240e+001  4.43988495959e+001
       679  3.26002344555e+001  4.46513423336e+001
       680  3.04798539534e+001  4.44758072962e+001
       681  2.88149744540e+001  4.51603692454e+001
       682  4.42945664725e+001  2.09521093740e+001
       683  2.23297733528e+001  4.92723806045e+000
       684  4.42172397482e+001  2.32836613812e+001
       685  4.48135002812e+001  2.53964439273e+001
       686  4.49945435428e+001  2.74159071937e+001
       687  4.48385648378e+001  2.95877525922e+001
       688  1.87125464877e+001  5.33743637914e+000
       689  2.05936634659e+001  4.72162253085e+000
       690  4.58092397677e+000  3.06249458313e+001
       691  1.63887096713e+001  5.17033163750e+000
       692  1.41705020030e+001  5.04561940969e+000
       693  7.68116651135e+000  5.24582218483e+000
       694  9.78609649050e+000  5.23437889809e+000
       695  4.48650440740e+001  4.24709964302e+001
       696  4.48128168065e+001  4.05433304604e+001
       697  4.47290716566e+001  3.85598247030e+001
       698  4.46280469128e+001  3.65460549578e+001
       699  4.46010379602e+001  3.44523533455e+001
       700  2.12751089538e+001  4.47520043066e+001
       701  2.30933686851e+001  4.46048129032e+001
       702  2.67248618906e+001  4.28199465317e+001
       703  4.91952482940e+000  2.85351675020e+001
       704  2.04020582127e+001  4.33896153392e+001
       705  4.17620358799e+001  2.56265684922e+001
       706  1.82259605893e+001  1.73854296568e+001
       707  1.29703239684e+001  1.65614830913e+001
       708  2.99311109761e+001  4.22726550360e+001
       709  3.45854871377e+001  3.17520656595e+001
       710  3.64072634237e+001  3.22803772986e+001
       711  4.26572250052e+001  2.20437267532e+001
       712  1.65042222180e+001  1.61190204935e+001
       713  2.19900064360e+001  4.27224936422e+001
       714  1.89555593488e+001  7.18178209382e+000
       715  9.83766245528e+000  1.75000805449e+001
       716  4.33334845910e+001  2.65258712659e+001
       717  8.05667940015e+000  1.68172180783e+001
       718  3.96243099212e+001  3.10768230735e+001
       719  3.16962133492e+001  4.28632945594e+001
       720  1.72458050928e+001  1.39876603637e+001
       721  3.73224824505e+001  3.82020483360e+001
       722  3.33106690040e+001  4.31857711974e+001
       723  1.60703595680e+001  1.22630954153e+001
       724  4.26689634478e+001  2.95610890001e+001
       725  4.16503250548e+001  3.12417116049e+001
       726  3.45619371162e+001  4.23147326167e+001
       727  3.60552405454e+001  4.12838598749e+001
       728  4.31820057282e+001  2.48317055977e+001
       729  3.84227462914e+001  3.50325638209e+001
       730  3.87584796240e+001  3.69978145517e+001
       731  1.60500779011e+001  8.68604461800e+000
       732  1.50013492853e+001  1.04967004974e+001
       733  2.85568153638e+001  4.34799798271e+001
       734  6.43367330306e+000  1.64962572621e+001
       735  3.84369203630e+001  3.28795508094e+001
       736  1.71869776564e+001  6.96258048833e+000
       737  4.05927779444e+001  3.28187076542e+001
       738  1.11042923478e+001  1.63700339566e+001
       739  9.43395218813e+000  1.52549417106e+001
       740  2.51514518064e+001  4.43033604055e+001
       741  1.46531030493e+001  1.58032843156e+001
       742  3.76120453337e+001  4.02266869146e+001
       743  3.91942492107e+001  3.89623094109e+001
       744  1.53361952991e+001  1.41572041970e+001
       745  1.39455550146e+001  1.24354483644e+001
       746  4.35197024434e+001  2.81756199097e+001
       747  4.52821941466e+001  3.14831348387e+001
       748  3.97367422968e+001  3.41868778815e+001
       749  3.60114382389e+001  4.30197691301e+001
       750  1.40645214479e+001  8.64933075197e+000
       751  1.29950849482e+001  1.04425596627e+001
       752  4.00462235374e+001  3.58117311046e+001
       753  4.06129493265e+001  3.76340806794e+001
       754  4.35690406907e+001  3.12783481712e+001
       755  4.34556615926e+001  4.32356543133e+001
       756  6.86493297032e+000  6.72674320653e+000
       757  2.71495229269e+001  4.47777110428e+001
       758  4.15595737696e+001  3.62610083586e+001
       759  4.44977729645e+001  3.27591095000e+001
       760  1.51488915606e+001  6.87709767048e+000
       761  4.17972298226e+001  4.30680225487e+001
       762  3.78247284455e+001  4.24773533020e+001
       763  7.06702874870e+000  8.53589334969e+000
       764  3.98936961546e+001  4.28772463339e+001
       765  6.99928562108e+000  1.05667598374e+001
       766  6.88956024343e+000  1.26176591348e+001
       767  7.10162368044e+000  1.47995833809e+001
       768  1.19779126907e+001  5.05545496066e+000
       769  8.81622542013e+000  7.26071286775e+000
       770  4.29349202767e+001  4.13997035325e+001
       771  4.32586841151e+001  3.95578659938e+001
       772  4.27285799476e+001  3.76848938397e+001
       773  4.29626086202e+001  3.54458365456e+001
       774  3.94502471967e+001  4.09412029163e+001
       775  4.27218295543e+001  3.32226870904e+001
       776  1.35242480293e+001  1.45071877974e+001
       777  4.10852805975e+001  4.15420222639e+001
       778  1.15939717716e+001  1.45263788121e+001
       779  4.13188032058e+001  3.96470131089e+001
       780  1.17657541766e+001  1.21926922612e+001
       781  1.26883347336e+001  1.33919440758e+001
       782  1.21206567531e+001  8.56879861426e+000
       783  1.10496805825e+001  1.01480625179e+001
       784  8.39499076592e+000  1.35684354292e+001
       785  8.53111527078e+000  1.17882097910e+001
       786  1.00088121146e+001  1.31716403179e+001
       787  4.13164337782e+001  3.45784304840e+001
       788  1.30841143582e+001  6.82794184273e+000
       789  1.00596730972e+001  1.13826982862e+001
       790  1.10086404160e+001  6.87177348364e+000
       791  1.03428834948e+001  8.49901105982e+000
       792  8.93883094504e+000  9.69655018995e+000
ENDOFSECTION
      ELEMENTS/CELLS 2.4.6
       1  3  3      117       2     129
       2  3  3      127       2       9
       3  3  3        3       1     141
       4  3  3      115       1     139
       5  3  3      139       1     144
       6  3  3      144       1       3
       7  3  3        1     115     147
       8  3  3        1     147     141
       9  3  3      141     147     148
      10  3  3      141     148     142
      11  3  3      142     148     149
      12  3  3      142     149     143
      13  3  3      143     149     150
      14  3  3      143     150     140
      15  3  3      144       3     151
      16  3  3      151       3       4
      17  3  3      151       4     152
      18  3  3      152       4       5
      19  3  3      152       5     153
      20  3  3      153       5       6
      21  3  3      153       6     154
      22  3  3      154       6       7
      23  3  3      154       7     155
      24  3  3      155       7       8
      25  3  3      155       8     156
      26  3  3      156       8       9
      27  3  3      156       9     145
      28  3  3      145       9       2
      29  3  3      145       2     117
      30  3  3      147     115     157
      31  3  3      157     115     114
      32  3  3      139     144     159
      33  3  3      139     159     138
      34  3  3      129       2     160
      35  3  3      160       2     127
      36  3  3      157     114     161
      37  3  3      161     114     113
      38  3  3      138     159     162
      39  3  3      138     162     137
      40  3  3      160     127     163
      41  3  3      163     127     126
      42  3  3      145     117     164
      43  3  3      164     117     118
      44  3  3      164     118     165
      45  3  3      165     118     119
      46  3  3      165     119     166
      47  3  3      166     119     120
      48  3  3      163     126     167
      49  3  3      167     126     125
      50  3  3      166     120     168
      51  3  3      168     120     121
      52  3  3      167     125     169
      53  3  3      169     125     124
      54  3  3      168     121     170
      55  3  3      170     121     116
      56  3  3      169     124     171
      57  3  3      171     124     123
      58  3  3      161     113     172
      59  3  3      172     113     112
      60  3  3      171     123     173
      61  3  3      173     123     122
      62  3  3      129     160     174
      63  3  3      129     174     130
      64  3  3      137     162     175
      65  3  3      137     175     136
      66  3  3      172     112     176
      67  3  3      176     112     111
      68  3  3      130     174     177
      69  3  3      130     177     131
      70  3  3      131     177     178
      71  3  3      131     178     132
      72  3  3      132     178     179
      73  3  3      132     179     133
      74  3  3      133     179     180
      75  3  3      133     180     134
      76  3  3      134     180     181
      77  3  3      134     181     128
      78  3  3      176     111     182
      79  3  3      182     111     110
      80  3  3      136     175     183
      81  3  3      136     183     135
      82  3  3      117     129     184
      83  3  3      117     184     118
      84  3  3      184     129     130
      85  3  3      118     184     185
      86  3  3      118     185     119
      87  3  3      119     185     186
      88  3  3      119     186     120
      89  3  3      120     186     187
      90  3  3      120     187     121
      91  3  3      121     187     188
      92  3  3      121     188     116
      93  3  3      127       9     189
      94  3  3      127     189     126
      95  3  3      189       9       8
      96  3  3      126     189     190
      97  3  3      126     190     125
      98  3  3      125     190     191
      99  3  3      125     191     124
     100  3  3      124     191     192
     101  3  3      124     192     123
     102  3  3      123     192     193
     103  3  3      123     193     122
     104  3  3      189       8     194
     105  3  3      194       8       7
     106  3  3      194       7     195
     107  3  3      195       7       6
     108  3  3      195       6     196
     109  3  3      196       6       5
     110  3  3      196       5     197
     111  3  3      197       5       4
     112  3  3      197       4     198
     113  3  3      198       4       3
     114  3  3      184     130     199
     115  3  3      199     130     131
     116  3  3      199     131     200
     117  3  3      200     131     132
     118  3  3      200     132     201
     119  3  3      201     132     133
     120  3  3      201     133     202
     121  3  3      202     133     134
     122  3  3      202     134     203
     123  3  3      203     134     128
     124  3  3        3     141     198
     125  3  3      115     139     204
     126  3  3      115     204     114
     127  3  3      204     139     138
     128  3  3      114     204     205
     129  3  3      114     205     113
     130  3  3      113     205     206
     131  3  3      113     206     112
     132  3  3      112     206     207
     133  3  3      112     207     111
     134  3  3      111     207     208
     135  3  3      111     208     110
     136  3  3      204     138     209
     137  3  3      209     138     137
     138  3  3      209     137     210
     139  3  3      210     137     136
     140  3  3      210     136     211
     141  3  3      211     136     135
     142  3  3      142     143     212
     143  3  3      212     143     213
     144  3  3      213     143     140
     145  3  3      109      10     214
     146  3  3      214      10      12
     147  3  3       85      61     215
     148  3  3      215      61      86
     149  3  3       35      11     216
     150  3  3      216      11      37
     151  3  3       60      36     217
     152  3  3      217      36      62
     153  3  3       35     216     218
     154  3  3       35     218      34
     155  3  3      216      37     219
     156  3  3      219      37      38
     157  3  3      109     214     220
     158  3  3      109     220     108
     159  3  3      214      12     221
     160  3  3      221      12      13
     161  3  3       60     217     222
     162  3  3       60     222      59
     163  3  3      217      62     223
     164  3  3      223      62      63
     165  3  3       85     215     224
     166  3  3       85     224      84
     167  3  3      215      86     225
     168  3  3      225      86      87
     169  3  3       34     218     226
     170  3  3       34     226      33
     171  3  3      219      38     227
     172  3  3      227      38      39
     173  3  3      221      13     228
     174  3  3      228      13      14
     175  3  3      108     220     229
     176  3  3      108     229     107
     177  3  3       59     222     230
     178  3  3       59     230      58
     179  3  3      223      63     231
     180  3  3      231      63      64
     181  3  3       84     224     232
     182  3  3       84     232      83
     183  3  3      225      87     233
     184  3  3      233      87      88
     185  3  3       33     226     234
     186  3  3       33     234      32
     187  3  3      227      39     235
     188  3  3      235      39      40
     189  3  3      228      14     236
     190  3  3      236      14      15
     191  3  3      107     229     237
     192  3  3      107     237     106
     193  3  3       58     230     238
     194  3  3       58     238      57
     195  3  3      231      64     239
     196  3  3      239      64      65
     197  3  3       83     232     240
     198  3  3       83     240      82
     199  3  3      233      88     241
     200  3  3      241      88      89
     201  3  3       32     234     242
     202  3  3       32     242      31
     203  3  3      235      40     243
     204  3  3      243      40      41
     205  3  3      236      15     244
     206  3  3      244      15      16
     207  3  3      106     237     245
     208  3  3      106     245     105
     209  3  3       31     242     246
     210  3  3       31     246      30
     211  3  3      243      41     247
     212  3  3      247      41      42
     213  3  3       82     240     248
     214  3  3       82     248      81
     215  3  3       57     238     249
     216  3  3       57     249      56
     217  3  3      241      89     250
     218  3  3      250      89      90
     219  3  3       30     246     251
     220  3  3       30     251      29
     221  3  3       29     251     252
     222  3  3       29     252      28
     223  3  3       28     252     253
     224  3  3       28     253      27
     225  3  3       27     253     254
     226  3  3       27     254      26
     227  3  3       26     254     255
     228  3  3       26     255      25
     229  3  3       25     255     256
     230  3  3       25     256      24
     231  3  3       24     256     257
     232  3  3       24     257      23
     233  3  3       23     257     258
     234  3  3       23     258      22
     235  3  3      239      65     259
     236  3  3      259      65      66
     237  3  3       22     258     260
     238  3  3       22     260      21
     239  3  3      247      42     261
     240  3  3      261      42      43
     241  3  3       21     260     262
     242  3  3       21     262      20
     243  3  3      261      43     263
     244  3  3      263      43      44
     245  3  3       20     262     264
     246  3  3       20     264      19
     247  3  3      263      44     265
     248  3  3      265      44      45
     249  3  3       19     264     266
     250  3  3       19     266      18
     251  3  3      244      16     267
     252  3  3      267      16      17
     253  3  3      265      45     268
     254  3  3      268      45      46
     255  3  3       18     266     158
     256  3  3       18     158      17
     257  3  3      105     245     269
     258  3  3      105     269     104
     259  3  3      268      46     271
     260  3  3      271      46      47
     261  3  3       81     248     272
     262  3  3       81     272      80
     263  3  3       56     249     273
     264  3  3       56     273      55
     265  3  3      250      90     274
     266  3  3      274      90      91
     267  3  3      259      66     275
     268  3  3      275      66      67
     269  3  3      271      47     276
     270  3  3      276      47      48
     271  3  3      104     269     277
     272  3  3      104     277     103
     273  3  3       80     272     278
     274  3  3       80     278      79
     275  3  3       55     273     279
     276  3  3       55     279      54
     277  3  3      276      48     280
     278  3  3      280      48      49
     279  3  3      274      91     281
     280  3  3      281      91      92
     281  3  3      275      67     282
     282  3  3      282      67      68
     283  3  3      103     277     283
     284  3  3      103     283     102
     285  3  3      280      49     284
     286  3  3      284      49      50
     287  3  3       79     278     285
     288  3  3       79     285      78
     289  3  3       54     279     286
     290  3  3       54     286      53
     291  3  3      281      92     287
     292  3  3      287      92      93
     293  3  3      282      68     288
     294  3  3      288      68      69
     295  3  3      102     283     289
     296  3  3      102     289     101
     297  3  3      284      50     290
     298  3  3      290      50      51
     299  3  3       53     286     291
     300  3  3       53     291      52
     301  3  3       78     285     292
     302  3  3       78     292      77
     303  3  3      287      93     293
     304  3  3      293      93      94
     305  3  3      288      69     294
     306  3  3      294      69      70
     307  3  3      290      51     270
     308  3  3      270      51      52
     309  3  3      101     289     295
     310  3  3      101     295     100
     311  3  3       77     292     297
     312  3  3       77     297      76
     313  3  3      294      70     298
     314  3  3      298      70      71
     315  3  3      293      94     299
     316  3  3      299      94      95
     317  3  3      100     295     300
     318  3  3      100     300      99
     319  3  3       76     297     301
     320  3  3       76     301      75
     321  3  3      298      71     302
     322  3  3      302      71      72
     323  3  3       75     301     303
     324  3  3       75     303      74
     325  3  3      299      95     304
     326  3  3      304      95      96
     327  3  3       99     300     305
     328  3  3       99     305      98
     329  3  3       74     303     306
     330  3  3       74     306      73
     331  3  3      302      72     307
     332  3  3      307      72      73
     333  3  3      304      96     308
     334  3  3      308      96      97
     335  3  3       98     305     309
     336  3  3       98     309      97
     337  3  3      190     189     194
     338  3  3      185     184     199
     339  3  3      198     141     296
     340  3  3      296     141     142
     341  3  3      142     212     296
     342  3  3      145     164     156
     343  3  3      205     204     310
     344  3  3      310     204     209
     345  3  3      159     144     312
     346  3  3      312     144     151
     347  3  3      151     152     313
     348  3  3      151     313     312
     349  3  3      152     153     314
     350  3  3      152     314     313
     351  3  3      148     147     315
     352  3  3      315     147     157
     353  3  3      149     148     316
     354  3  3      316     148     315
     355  3  3      150     149     317
     356  3  3      317     149     316
     357  3  3      153     154     318
     358  3  3      153     318     314
     359  3  3      174     160     319
     360  3  3      319     160     163
     361  3  3      163     167     320
     362  3  3      163     320     319
     363  3  3      167     169     321
     364  3  3      167     321     320
     365  3  3      169     171     322
     366  3  3      169     322     321
     367  3  3      171     173     323
     368  3  3      171     323     322
     369  3  3      154     155     324
     370  3  3      154     324     318
     371  3  3      155     156     325
     372  3  3      155     325     324
     373  3  3      206     205     326
     374  3  3      326     205     310
     375  3  3      177     174     327
     376  3  3      327     174     319
     377  3  3      209     210     328
     378  3  3      209     328     310
     379  3  3      162     159     329
     380  3  3      329     159     312
     381  3  3      175     162     330
     382  3  3      330     162     329
     383  3  3      183     175     331
     384  3  3      331     175     330
     385  3  3      178     177     332
     386  3  3      332     177     327
     387  3  3      157     161     333
     388  3  3      157     333     315
     389  3  3      161     172     334
     390  3  3      161     334     333
     391  3  3      172     176     335
     392  3  3      172     335     334
     393  3  3      176     182     336
     394  3  3      176     336     335
     395  3  3      207     206     337
     396  3  3      337     206     326
     397  3  3      179     178     338
     398  3  3      338     178     332
     399  3  3      180     179     339
     400  3  3      339     179     338
     401  3  3      181     180     340
     402  3  3      340     180     339
     403  3  3      208     207     341
     404  3  3      341     207     337
     405  3  3      186     185     342
     406  3  3      342     185     199
     407  3  3      199     200     343
     408  3  3      199     343     342
     409  3  3      200     201     344
     410  3  3      200     344     343
     411  3  3      201     202     345
     412  3  3      201     345     344
     413  3  3      187     186     346
     414  3  3      346     186     342
     415  3  3      188     187     347
     416  3  3      347     187     346
     417  3  3      202     203     348
     418  3  3      202     348     345
     419  3  3      210     211     349
     420  3  3      210     349     328
     421  3  3      191     190     350
     422  3  3      350     190     194
     423  3  3      194     195     351
     424  3  3      194     351     350
     425  3  3      195     196     352
     426  3  3      195     352     351
     427  3  3      196     197     353
     428  3  3      196     353     352
     429  3  3      197     198     354
     430  3  3      197     354     353
     431  3  3      192     191     355
     432  3  3      355     191     350
     433  3  3      193     192     356
     434  3  3      356     192     355
     435  3  3      164     165     357
     436  3  3      164     357     325
     437  3  3      164     325     156
     438  3  3      165     166     358
     439  3  3      165     358     357
     440  3  3      166     168     359
     441  3  3      166     359     358
     442  3  3      168     170     360
     443  3  3      168     360     359
     444  3  3      170     116     361
     445  3  3      170     361     362
     446  3  3      170     362     360
     447  3  3      173     122     363
     448  3  3      173     363     364
     449  3  3      173     364     323
     450  3  3      140     150     365
     451  3  3      365     150     366
     452  3  3      366     150     317
     453  3  3      213     140     367
     454  3  3      367     140     368
     455  3  3      368     140     365
     456  3  3      135     183     369
     457  3  3      369     183     370
     458  3  3      370     183     331
     459  3  3      116     188     371
     460  3  3      116     371     372
     461  3  3      116     372     361
     462  3  3      122     193     373
     463  3  3      122     373     374
     464  3  3      122     374     363
     465  3  3      182     110     375
     466  3  3      182     375     376
     467  3  3      182     376     336
     468  3  3      203     128     377
     469  3  3      203     377     378
     470  3  3      203     378     348
     471  3  3      110     208     379
     472  3  3      379     208     380
     473  3  3      380     208     341
     474  3  3      128     181     381
     475  3  3      381     181     382
     476  3  3      382     181     340
     477  3  3      211     135     383
     478  3  3      211     383     384
     479  3  3      211     384     349
     480  3  3      212     213     385
     481  3  3      385     213     386
     482  3  3      386     213     367
     483  3  3      198     296     354
     484  3  3      296     212     354
     485  3  3      212     385     354
     486  3  3      353     354     385
     487  3  3      326     310     387
     488  3  3      387     310     328
     489  3  3      337     326     387
     490  3  3      328     349     388
     491  3  3      328     388     387
     492  3  3      346     342     389
     493  3  3      389     342     343
     494  3  3      343     344     389
     495  3  3      349     384     390
     496  3  3      349     390     388
     497  3  3      347     346     391
     498  3  3      391     346     389
     499  3  3      350     351     392
     500  3  3      350     392     355
     501  3  3      351     352     392
     502  3  3      356     355     393
     503  3  3      393     355     392
     504  3  3      312     313     394
     505  3  3      312     394     329
     506  3  3      330     329     395
     507  3  3      395     329     394
     508  3  3      313     314     396
     509  3  3      313     396     394
     510  3  3      314     318     397
     511  3  3      314     397     396
     512  3  3      318     324     398
     513  3  3      318     398     397
     514  3  3      324     325     399
     515  3  3      324     399     398
     516  3  3      325     357     399
     517  3  3      357     358     400
     518  3  3      357     400     399
     519  3  3      358     359     401
     520  3  3      358     401     400
     521  3  3      359     360     402
     522  3  3      359     402     401
     523  3  3      360     362     403
     524  3  3      360     403     402
     525  3  3      316     315     404
     526  3  3      404     315     333
     527  3  3      333     334     405
     528  3  3      333     405     404
     529  3  3      317     316     406
     530  3  3      406     316     404
     531  3  3      366     317     407
     532  3  3      407     317     406
     533  3  3      331     330     408
     534  3  3      408     330     395
     535  3  3      370     331     409
     536  3  3      409     331     408
     537  3  3      334     335     410
     538  3  3      334     410     405
     539  3  3      335     336     411
     540  3  3      335     411     410
     541  3  3      336     376     412
     542  3  3      336     412     411
     543  3  3      344     345     413
     544  3  3      344     413     389
     545  3  3      319     320     414
     546  3  3      319     414     327
     547  3  3      332     327     415
     548  3  3      415     327     414
     549  3  3      338     332     416
     550  3  3      416     332     415
     551  3  3      339     338     417
     552  3  3      417     338     416
     553  3  3      320     321     418
     554  3  3      320     418     414
     555  3  3      321     322     419
     556  3  3      321     419     418
     557  3  3      322     323     420
     558  3  3      322     420     419
     559  3  3      323     364     421
     560  3  3      323     421     420
     561  3  3      340     339     422
     562  3  3      422     339     417
     563  3  3      371     188     423
     564  3  3      423     188     347
     565  3  3      373     193     424
     566  3  3      424     193     356
     567  3  3      345     348     425
     568  3  3      345     425     413
     569  3  3      382     340     426
     570  3  3      426     340     422
     571  3  3      348     378     427
     572  3  3      348     427     425
     573  3  3      128     381     428
     574  3  3      128     428     377
     575  3  3      385     386     429
     576  3  3      385     429     353
     577  3  3      352     353     429
     578  3  3      375     110     430
     579  3  3      430     110     379
     580  3  3      135     369     431
     581  3  3      135     431     383
     582  3  3      341     337     432
     583  3  3      432     337     387
     584  3  3      380     341     433
     585  3  3      433     341     432
     586  3  3      368     365     434
     587  3  3      434     365     435
     588  3  3      435     365     366
     589  3  3      386     367     436
     590  3  3      436     367     437
     591  3  3      437     367     368
     592  3  3      369     370     438
     593  3  3      438     370     439
     594  3  3      439     370     409
     595  3  3      384     383     440
     596  3  3      384     440     441
     597  3  3      384     441     390
     598  3  3      361     372     442
     599  3  3      361     442     443
     600  3  3      361     443     362
     601  3  3      363     374     444
     602  3  3      363     444     445
     603  3  3      363     445     364
     604  3  3      376     375     446
     605  3  3      376     446     447
     606  3  3      376     447     412
     607  3  3      372     371     448
     608  3  3      372     448     449
     609  3  3      372     449     442
     610  3  3      374     373     450
     611  3  3      374     450     451
     612  3  3      374     451     444
     613  3  3      381     382     452
     614  3  3      452     382     453
     615  3  3      453     382     426
     616  3  3      378     377     454
     617  3  3      378     454     455
     618  3  3      378     455     427
     619  3  3      379     380     456
     620  3  3      456     380     457
     621  3  3      457     380     433
     622  3  3       17     158     267
     623  3  3      270      52     291
     624  3  3       73     306     307
     625  3  3      308      97     309
     626  3  3      215     225     224
     627  3  3      222     217     223
     628  3  3      216     219     218
     629  3  3      220     214     221
     630  3  3      226     218     458
     631  3  3      458     218     219
     632  3  3      219     227     459
     633  3  3      219     459     458
     634  3  3      227     235     460
     635  3  3      227     460     459
     636  3  3      235     243     461
     637  3  3      235     461     460
     638  3  3      243     247     462
     639  3  3      243     462     461
     640  3  3      247     261     311
     641  3  3      247     311     462
     642  3  3      261     263     463
     643  3  3      261     463     311
     644  3  3      263     265     465
     645  3  3      263     465     463
     646  3  3      265     268     466
     647  3  3      265     466     465
     648  3  3      268     271     467
     649  3  3      268     467     466
     650  3  3      271     276     468
     651  3  3      271     468     467
     652  3  3      276     280     469
     653  3  3      276     469     468
     654  3  3      280     284     470
     655  3  3      280     470     469
     656  3  3      284     290     471
     657  3  3      284     471     470
     658  3  3      234     226     472
     659  3  3      472     226     458
     660  3  3      242     234     473
     661  3  3      473     234     472
     662  3  3      246     242     474
     663  3  3      474     242     473
     664  3  3      251     246     475
     665  3  3      475     246     474
     666  3  3      252     251     476
     667  3  3      476     251     475
     668  3  3      253     252     477
     669  3  3      477     252     476
     670  3  3      254     253     478
     671  3  3      478     253     477
     672  3  3      255     254     479
     673  3  3      479     254     478
     674  3  3      256     255     480
     675  3  3      480     255     479
     676  3  3      257     256     481
     677  3  3      481     256     480
     678  3  3      258     257     482
     679  3  3      482     257     481
     680  3  3      260     258     483
     681  3  3      483     258     482
     682  3  3      262     260     484
     683  3  3      484     260     483
     684  3  3      264     262     485
     685  3  3      485     262     484
     686  3  3      266     264     486
     687  3  3      486     264     485
     688  3  3      158     266     487
     689  3  3      487     266     486
     690  3  3      290     270     488
     691  3  3      290     488     471
     692  3  3      229     220     489
     693  3  3      489     220     221
     694  3  3      221     228     490
     695  3  3      221     490     489
     696  3  3      228     236     491
     697  3  3      228     491     490
     698  3  3      236     244     492
     699  3  3      236     492     491
     700  3  3      244     267     493
     701  3  3      244     493     492
     702  3  3      237     229     494
     703  3  3      494     229     489
     704  3  3      245     237     495
     705  3  3      495     237     494
     706  3  3      269     245     496
     707  3  3      496     245     495
     708  3  3      277     269     497
     709  3  3      497     269     496
     710  3  3      283     277     498
     711  3  3      498     277     497
     712  3  3      289     283     499
     713  3  3      499     283     498
     714  3  3      295     289     500
     715  3  3      500     289     499
     716  3  3      300     295     501
     717  3  3      501     295     500
     718  3  3      305     300     502
     719  3  3      502     300     501
     720  3  3      309     305     503
     721  3  3      503     305     502
     722  3  3      225     233     504
     723  3  3      225     504     224
     724  3  3      232     224     505
     725  3  3      505     224     504
     726  3  3      240     232     506
     727  3  3      506     232     505
     728  3  3      248     240     507
     729  3  3      507     240     506
     730  3  3      272     248     508
     731  3  3      508     248     507
     732  3  3      278     272     509
     733  3  3      509     272     508
     734  3  3      285     278     510
     735  3  3      510     278     509
     736  3  3      292     285     511
     737  3  3      511     285     510
     738  3  3      297     292     512
     739  3  3      512     292     511
     740  3  3      301     297     513
     741  3  3      513     297     512
     742  3  3      303     301     514
     743  3  3      514     301     513
     744  3  3      306     303     515
     745  3  3      515     303     514
     746  3  3      233     241     516
     747  3  3      233     516     504
     748  3  3      241     250     517
     749  3  3      241     517     516
     750  3  3      250     274     518
     751  3  3      250     518     517
     752  3  3      274     281     519
     753  3  3      274     519     518
     754  3  3      281     287     520
     755  3  3      281     520     519
     756  3  3      287     293     521
     757  3  3      287     521     520
     758  3  3      293     299     522
     759  3  3      293     522     521
     760  3  3      299     304     523
     761  3  3      299     523     522
     762  3  3      304     308     524
     763  3  3      304     524     523
     764  3  3      223     231     525
     765  3  3      223     525     222
     766  3  3      230     222     526
     767  3  3      526     222     525
     768  3  3      238     230     527
     769  3  3      527     230     526
     770  3  3      249     238     528
     771  3  3      528     238     527
     772  3  3      273     249     529
     773  3  3      529     249     528
     774  3  3      279     273     530
     775  3  3      530     273     529
     776  3  3      286     279     531
     777  3  3      531     279     530
     778  3  3      291     286     532
     779  3  3      532     286     531
     780  3  3      231     239     533
     781  3  3      231     533     525
     782  3  3      239     259     534
     783  3  3      239     534     533
     784  3  3      259     275     535
     785  3  3      259     535     534
     786  3  3      275     282     536
     787  3  3      275     536     535
     788  3  3      282     288     537
     789  3  3      282     537     536
     790  3  3      288     294     538
     791  3  3      288     538     537
     792  3  3      294     298     539
     793  3  3      294     539     538
     794  3  3      298     302     540
     795  3  3      298     540     539
     796  3  3      302     307     541
     797  3  3      302     541     540
     798  3  3      392     352     429
     799  3  3      393     392     429
     800  3  3      387     388     432
     801  3  3      389     413     391
     802  3  3      366     407     542
     803  3  3      366     542     435
     804  3  3      429     386     543
     805  3  3      429     543     393
     806  3  3      386     436     543
     807  3  3      423     347     544
     808  3  3      544     347     391
     809  3  3      398     399     545
     810  3  3      545     399     400
     811  3  3      400     401     546
     812  3  3      400     546     545
     813  3  3      362     443     547
     814  3  3      362     547     403
     815  3  3      415     414     548
     816  3  3      548     414     418
     817  3  3      418     419     549
     818  3  3      418     549     548
     819  3  3      419     420     550
     820  3  3      419     550     549
     821  3  3      420     421     551
     822  3  3      420     551     550
     823  3  3      356     393     552
     824  3  3      356     552     424
     825  3  3      397     398     553
     826  3  3      553     398     545
     827  3  3      396     397     554
     828  3  3      554     397     553
     829  3  3      394     396     146
     830  3  3      146     396     554
     831  3  3      395     394     146
     832  3  3      401     402     555
     833  3  3      401     555     546
     834  3  3      402     403     557
     835  3  3      402     557     555
     836  3  3      416     415     558
     837  3  3      558     415     548
     838  3  3      388     390     559
     839  3  3      388     559     432
     840  3  3      433     432     560
     841  3  3      560     432     559
     842  3  3      390     441     561
     843  3  3      390     561     559
     844  3  3      457     433     562
     845  3  3      562     433     560
     846  3  3      404     405     563
     847  3  3      404     563     406
     848  3  3      407     406     564
     849  3  3      564     406     563
     850  3  3      405     410     565
     851  3  3      405     565     563
     852  3  3      410     411     566
     853  3  3      410     566     565
     854  3  3      411     412     567
     855  3  3      411     567     566
     856  3  3      412     447     568
     857  3  3      412     568     567
     858  3  3      437     368     569
     859  3  3      569     368     434
     860  3  3      417     416     570
     861  3  3      570     416     558
     862  3  3      422     417     571
     863  3  3      571     417     570
     864  3  3      426     422     572
     865  3  3      572     422     571
     866  3  3      453     426     556
     867  3  3      556     426     572
     868  3  3      421     364     573
     869  3  3      573     364     445
     870  3  3      448     371     575
     871  3  3      575     371     423
     872  3  3      450     373     576
     873  3  3      576     373     424
     874  3  3      377     428     577
     875  3  3      377     577     454
     876  3  3      381     452     578
     877  3  3      381     578     428
     878  3  3      369     438     579
     879  3  3      369     579     431
     880  3  3      446     375     580
     881  3  3      580     375     430
     882  3  3      379     456     581
     883  3  3      379     581     430
     884  3  3      440     383     582
     885  3  3      582     383     431
     886  3  3      413     425     583
     887  3  3      413     583     391
     888  3  3      425     427     584
     889  3  3      425     584     583
     890  3  3      427     455     585
     891  3  3      427     585     584
     892  3  3      408     395     586
     893  3  3      586     395     146
     894  3  3      409     408     587
     895  3  3      587     408     586
     896  3  3      439     409     588
     897  3  3      588     409     587
     898  3  3      434     435     589
     899  3  3      434     589     590
     900  3  3      434     590     569
     901  3  3      443     442     591
     902  3  3      591     442     592
     903  3  3      592     442     449
     904  3  3      449     448     464
     905  3  3      449     464     574
     906  3  3      449     574     592
     907  3  3      445     444     593
     908  3  3      593     444     596
     909  3  3      596     444     451
     910  3  3      451     450     597
     911  3  3      451     597     598
     912  3  3      451     598     596
     913  3  3      438     439     599
     914  3  3      438     599     600
     915  3  3      438     600     579
     916  3  3      441     440     595
     917  3  3      595     440     594
     918  3  3      594     440     582
     919  3  3      447     446     462
     920  3  3      462     446     603
     921  3  3      603     446     580
     922  3  3      436     437     601
     923  3  3      436     601     602
     924  3  3      436     602     543
     925  3  3      456     457     475
     926  3  3      475     457     476
     927  3  3      476     457     562
     928  3  3      452     453     606
     929  3  3      452     606     508
     930  3  3      452     508     605
     931  3  3      452     605     578
     932  3  3      455     454     607
     933  3  3      607     454     518
     934  3  3      518     454     608
     935  3  3      608     454     577
     936  3  3      605     508     507
     937  3  3      607     518     519
     938  3  3      447     462     311
     939  3  3      462     603     461
     940  3  3      518     608     517
     941  3  3      146     554     586
     942  3  3      508     606     509
     943  3  3      456     475     474
     944  3  3      393     543     552
     945  3  3      543     602     552
     946  3  3      476     562     477
     947  3  3      568     447     463
     948  3  3      463     447     311
     949  3  3      391     583     544
     950  3  3      606     453     509
     951  3  3      562     560     477
     952  3  3      581     456     610
     953  3  3      610     456     474
     954  3  3      453     556     509
     955  3  3      455     607     519
     956  3  3      585     455     520
     957  3  3      520     455     519
     958  3  3      560     559     561
     959  3  3      421     573     611
     960  3  3      421     611     551
     961  3  3      557     403     612
     962  3  3      612     403     547
     963  3  3      423     544     613
     964  3  3      423     613     575
     965  3  3      548     549     614
     966  3  3      548     614     558
     967  3  3      549     550     615
     968  3  3      549     615     614
     969  3  3      550     551     616
     970  3  3      550     616     615
     971  3  3      545     546     617
     972  3  3      545     617     553
     973  3  3      546     555     618
     974  3  3      546     618     617
     975  3  3      555     557     619
     976  3  3      555     619     618
     977  3  3      554     553     620
     978  3  3      620     553     617
     979  3  3      542     407     621
     980  3  3      621     407     564
     981  3  3      424     552     622
     982  3  3      424     622     576
     983  3  3      589     435     623
     984  3  3      623     435     542
     985  3  3      563     565     624
     986  3  3      563     624     564
     987  3  3      547     443     625
     988  3  3      625     443     591
     989  3  3      565     566     626
     990  3  3      565     626     624
     991  3  3      566     567     627
     992  3  3      566     627     626
     993  3  3      567     568     465
     994  3  3      567     465     627
     995  3  3      597     450     628
     996  3  3      628     450     576
     997  3  3      570     558     629
     998  3  3      629     558     614
     999  3  3      571     570     630
    1000  3  3      630     570     629
    1001  3  3      572     571     631
    1002  3  3      631     571     630
    1003  3  3      577     428     632
    1004  3  3      632     428     578
    1005  3  3      608     577     633
    1006  3  3      633     577     632
    1007  3  3      578     605     634
    1008  3  3      578     634     632
    1009  3  3      464     448     635
    1010  3  3      635     448     575
    1011  3  3      580     430     636
    1012  3  3      636     430     581
    1013  3  3      603     580     637
    1014  3  3      637     580     636
    1015  3  3      431     579     638
    1016  3  3      431     638     582
    1017  3  3      579     600     639
    1018  3  3      579     639     638
    1019  3  3      602     601     622
    1020  3  3      602     622     552
    1021  3  3      583     584     640
    1022  3  3      583     640     544
    1023  3  3      584     585     604
    1024  3  3      584     604     640
    1025  3  3      437     569     641
    1026  3  3      437     641     601
    1027  3  3      569     590     643
    1028  3  3      569     643     641
    1029  3  3      445     593     644
    1030  3  3      445     644     573
    1031  3  3      439     588     645
    1032  3  3      439     645     599
    1033  3  3      556     572     510
    1034  3  3      510     572     511
    1035  3  3      511     572     631
    1036  3  3      441     595     479
    1037  3  3      441     479     561
    1038  3  3      595     594     480
    1039  3  3      595     480     479
    1040  3  3      594     582     642
    1041  3  3      642     582     638
    1042  3  3      587     586     609
    1043  3  3      609     586     620
    1044  3  3      620     586     554
    1045  3  3      588     587     646
    1046  3  3      646     587     609
    1047  3  3      574     464     503
    1048  3  3      503     464     635
    1049  3  3      592     574     502
    1050  3  3      502     574     503
    1051  3  3      590     589     649
    1052  3  3      649     589     650
    1053  3  3      650     589     623
    1054  3  3      598     597     651
    1055  3  3      651     597     652
    1056  3  3      652     597     628
    1057  3  3      591     592     653
    1058  3  3      591     653     654
    1059  3  3      591     654     625
    1060  3  3      593     596     655
    1061  3  3      593     655     656
    1062  3  3      593     656     644
    1063  3  3      596     598     657
    1064  3  3      596     657     655
    1065  3  3      600     599     658
    1066  3  3      658     599     659
    1067  3  3      659     599     645
    1068  3  3      463     465     568
    1069  3  3      465     466     627
    1070  3  3      474     473     610
    1071  3  3      481     480     594
    1072  3  3      479     478     561
    1073  3  3      510     509     556
    1074  3  3      512     511     631
    1075  3  3      502     501     592
    1076  3  3      520     521     585
    1077  3  3      478     477     561
    1078  3  3      561     477     560
    1079  3  3      267     158     487
    1080  3  3      493     267     487
    1081  3  3      488     270     291
    1082  3  3      291     532     488
    1083  3  3      306     515     647
    1084  3  3      306     647     307
    1085  3  3      541     307     647
    1086  3  3      524     308     661
    1087  3  3      661     308     309
    1088  3  3      309     503     661
    1089  3  3      507     506     634
    1090  3  3      507     634     605
    1091  3  3      506     505     660
    1092  3  3      506     660     634
    1093  3  3      505     504     660
    1094  3  3      504     516     660
    1095  3  3      516     517     633
    1096  3  3      633     517     608
    1097  3  3      501     500     653
    1098  3  3      501     653     592
    1099  3  3      472     458     663
    1100  3  3      663     458     459
    1101  3  3      459     460     663
    1102  3  3      489     490     664
    1103  3  3      489     664     494
    1104  3  3      490     491     664
    1105  3  3      526     525     665
    1106  3  3      665     525     533
    1107  3  3      527     526     665
    1108  3  3      500     499     666
    1109  3  3      500     666     653
    1110  3  3      473     472     667
    1111  3  3      473     667     610
    1112  3  3      466     467     662
    1113  3  3      466     662     627
    1114  3  3      499     498     668
    1115  3  3      499     668     666
    1116  3  3      498     497     670
    1117  3  3      498     670     668
    1118  3  3      497     496     671
    1119  3  3      497     671     670
    1120  3  3      496     495     672
    1121  3  3      496     672     671
    1122  3  3      495     494     673
    1123  3  3      495     673     672
    1124  3  3      533     534     674
    1125  3  3      533     674     665
    1126  3  3      534     535     675
    1127  3  3      534     675     674
    1128  3  3      535     536     676
    1129  3  3      535     676     675
    1130  3  3      536     537     677
    1131  3  3      536     677     676
    1132  3  3      537     538     678
    1133  3  3      537     678     677
    1134  3  3      538     539     679
    1135  3  3      538     679     678
    1136  3  3      539     540     680
    1137  3  3      539     680     679
    1138  3  3      540     541     681
    1139  3  3      540     681     680
    1140  3  3      460     461     637
    1141  3  3      637     461     603
    1142  3  3      482     481     642
    1143  3  3      642     481     594
    1144  3  3      513     512     669
    1145  3  3      669     512     631
    1146  3  3      467     468     682
    1147  3  3      467     682     662
    1148  3  3      468     469     684
    1149  3  3      468     684     682
    1150  3  3      469     470     685
    1151  3  3      469     685     684
    1152  3  3      470     471     686
    1153  3  3      470     686     685
    1154  3  3      471     488     687
    1155  3  3      471     687     686
    1156  3  3      483     482     683
    1157  3  3      683     482     642
    1158  3  3      484     483     689
    1159  3  3      689     483     683
    1160  3  3      485     484     688
    1161  3  3      688     484     689
    1162  3  3      486     485     691
    1163  3  3      691     485     688
    1164  3  3      487     486     692
    1165  3  3      692     486     691
    1166  3  3      521     522     604
    1167  3  3      521     604     585
    1168  3  3      491     492     693
    1169  3  3      491     693     664
    1170  3  3      492     493     694
    1171  3  3      492     694     693
    1172  3  3      528     527     695
    1173  3  3      695     527     665
    1174  3  3      529     528     696
    1175  3  3      696     528     695
    1176  3  3      530     529     697
    1177  3  3      697     529     696
    1178  3  3      531     530     698
    1179  3  3      698     530     697
    1180  3  3      532     531     699
    1181  3  3      699     531     698
    1182  3  3      514     513     700
    1183  3  3      700     513     669
    1184  3  3      515     514     701
    1185  3  3      701     514     700
    1186  3  3      522     523     690
    1187  3  3      522     690     604
    1188  3  3      523     524     703
    1189  3  3      523     703     690
    1190  3  3      640     604     690
    1191  3  3      642     638     683
    1192  3  3      626     627     662
    1193  3  3      631     630     669
    1194  3  3      503     635     661
    1195  3  3      654     653     666
    1196  3  3      613     544     640
    1197  3  3      632     634     660
    1198  3  3      633     632     516
    1199  3  3      516     632     660
    1200  3  3      581     610     667
    1201  3  3      636     581     667
    1202  3  3      638     639     683
    1203  3  3      616     551     702
    1204  3  3      702     551     611
    1205  3  3      623     542     705
    1206  3  3      705     542     621
    1207  3  3      650     623     705
    1208  3  3      646     609     706
    1209  3  3      706     609     620
    1210  3  3      620     617     706
    1211  3  3      617     618     706
    1212  3  3      557     612     707
    1213  3  3      557     707     619
    1214  3  3      575     613     703
    1215  3  3      575     703     635
    1216  3  3      611     573     708
    1217  3  3      708     573     644
    1218  3  3      576     622     709
    1219  3  3      576     709     628
    1220  3  3      622     601     709
    1221  3  3      601     641     709
    1222  3  3      652     628     710
    1223  3  3      710     628     709
    1224  3  3      624     626     682
    1225  3  3      682     626     662
    1226  3  3      564     624     711
    1227  3  3      711     624     682
    1228  3  3      621     564     711
    1229  3  3      618     619     712
    1230  3  3      618     712     706
    1231  3  3      630     629     704
    1232  3  3      630     704     669
    1233  3  3      629     614     713
    1234  3  3      629     713     704
    1235  3  3      614     615     713
    1236  3  3      615     616     648
    1237  3  3      615     648     713
    1238  3  3      612     547     715
    1239  3  3      715     547     625
    1240  3  3      625     654     717
    1241  3  3      625     717     715
    1242  3  3      590     649     718
    1243  3  3      590     718     643
    1244  3  3      641     643     710
    1245  3  3      641     710     709
    1246  3  3      644     656     719
    1247  3  3      644     719     708
    1248  3  3      637     636     663
    1249  3  3      663     636     667
    1250  3  3      645     588     720
    1251  3  3      720     588     646
    1252  3  3      600     658     714
    1253  3  3      600     714     639
    1254  3  3      598     651     721
    1255  3  3      598     721     657
    1256  3  3      659     645     723
    1257  3  3      723     645     720
    1258  3  3      649     650     724
    1259  3  3      649     724     725
    1260  3  3      649     725     718
    1261  3  3      656     655     726
    1262  3  3      656     726     722
    1263  3  3      656     722     719
    1264  3  3      655     657     727
    1265  3  3      655     727     726
    1266  3  3      651     652     729
    1267  3  3      651     729     730
    1268  3  3      651     730     721
    1269  3  3      658     659     731
    1270  3  3      731     659     732
    1271  3  3      732     659     723
    1272  3  3      637     663     460
    1273  3  3      683     639     689
    1274  3  3      669     704     700
    1275  3  3      635     703     661
    1276  3  3      661     703     524
    1277  3  3      663     667     472
    1278  3  3      711     682     684
    1279  3  3      613     640     703
    1280  3  3      703     640     690
    1281  3  3      706     712     646
    1282  3  3      720     646     712
    1283  3  3      704     713     700
    1284  3  3      621     711     684
    1285  3  3      705     621     728
    1286  3  3      728     621     684
    1287  3  3      639     714     688
    1288  3  3      639     688     689
    1289  3  3      713     648     701
    1290  3  3      713     701     700
    1291  3  3      611     708     733
    1292  3  3      611     733     702
    1293  3  3      717     654     734
    1294  3  3      734     654     666
    1295  3  3      652     710     735
    1296  3  3      652     735     729
    1297  3  3      710     643     735
    1298  3  3      643     718     735
    1299  3  3      718     725     737
    1300  3  3      718     737     735
    1301  3  3      612     715     738
    1302  3  3      612     738     707
    1303  3  3      715     717     739
    1304  3  3      715     739     738
    1305  3  3      708     719     680
    1306  3  3      708     680     733
    1307  3  3      719     722     679
    1308  3  3      719     679     680
    1309  3  3      648     616     740
    1310  3  3      648     740     701
    1311  3  3      616     702     740
    1312  3  3      619     707     741
    1313  3  3      619     741     712
    1314  3  3      657     721     742
    1315  3  3      657     742     727
    1316  3  3      658     731     736
    1317  3  3      658     736     714
    1318  3  3      721     730     743
    1319  3  3      721     743     742
    1320  3  3      723     720     744
    1321  3  3      744     720     712
    1322  3  3      650     705     716
    1323  3  3      716     705     728
    1324  3  3      724     650     746
    1325  3  3      746     650     716
    1326  3  3      732     723     745
    1327  3  3      745     723     744
    1328  3  3      722     726     678
    1329  3  3      722     678     679
    1330  3  3      726     727     749
    1331  3  3      726     749     678
    1332  3  3      731     732     750
    1333  3  3      750     732     751
    1334  3  3      751     732     745
    1335  3  3      730     729     752
    1336  3  3      730     752     753
    1337  3  3      730     753     743
    1338  3  3      725     724     754
    1339  3  3      754     724     687
    1340  3  3      687     724     746
    1341  3  3      680     681     733
    1342  3  3      684     685     728
    1343  3  3      677     678     749
    1344  3  3      686     687     746
    1345  3  3      666     668     734
    1346  3  3      494     664     673
    1347  3  3      665     674     755
    1348  3  3      665     755     695
    1349  3  3      664     693     756
    1350  3  3      664     756     673
    1351  3  3      687     488     747
    1352  3  3      687     747     754
    1353  3  3      488     532     747
    1354  3  3      515     701     740
    1355  3  3      647     515     740
    1356  3  3      541     647     757
    1357  3  3      757     647     740
    1358  3  3      681     541     757
    1359  3  3      691     688     736
    1360  3  3      736     688     714
    1361  3  3      532     699     759
    1362  3  3      532     759     747
    1363  3  3      692     691     760
    1364  3  3      760     691     736
    1365  3  3      674     675     761
    1366  3  3      674     761     755
    1367  3  3      676     677     762
    1368  3  3      762     677     749
    1369  3  3      672     673     763
    1370  3  3      763     673     756
    1371  3  3      675     676     764
    1372  3  3      764     676     762
    1373  3  3      671     672     765
    1374  3  3      765     672     763
    1375  3  3      670     671     766
    1376  3  3      766     671     765
    1377  3  3      668     670     767
    1378  3  3      767     670     766
    1379  3  3      487     692     768
    1380  3  3      487     768     493
    1381  3  3      694     493     768
    1382  3  3      693     694     769
    1383  3  3      693     769     756
    1384  3  3      696     695     770
    1385  3  3      770     695     755
    1386  3  3      685     686     716
    1387  3  3      685     716     728
    1388  3  3      697     696     771
    1389  3  3      771     696     770
    1390  3  3      698     697     772
    1391  3  3      772     697     771
    1392  3  3      699     698     773
    1393  3  3      773     698     772
    1394  3  3      712     741     744
    1395  3  3      746     716     686
    1396  3  3      736     731     760
    1397  3  3      731     750     760
    1398  3  3      740     702     757
    1399  3  3      702     733     757
    1400  3  3      749     727     762
    1401  3  3      727     742     762
    1402  3  3      729     735     748
    1403  3  3      748     735     737
    1404  3  3      752     729     748
    1405  3  3      717     734     767
    1406  3  3      717     767     739
    1407  3  3      742     743     774
    1408  3  3      742     774     762
    1409  3  3      737     725     775
    1410  3  3      775     725     754
    1411  3  3      745     744     776
    1412  3  3      776     744     741
    1413  3  3      741     707     776
    1414  3  3      707     738     778
    1415  3  3      707     778     776
    1416  3  3      738     739     778
    1417  3  3      743     753     779
    1418  3  3      743     779     774
    1419  3  3      751     745     780
    1420  3  3      780     745     781
    1421  3  3      781     745     776
    1422  3  3      750     751     782
    1423  3  3      782     751     783
    1424  3  3      783     751     780
    1425  3  3      753     752     758
    1426  3  3      753     758     772
    1427  3  3      753     772     779
    1428  3  3      757     733     681
    1429  3  3      779     772     771
    1430  3  3      781     776     778
    1431  3  3      767     734     668
    1432  3  3      762     774     764
    1433  3  3      772     758     773
    1434  3  3      739     767     784
    1435  3  3      784     767     766
    1436  3  3      778     739     786
    1437  3  3      786     739     784
    1438  3  3      758     752     787
    1439  3  3      758     787     773
    1440  3  3      752     748     787
    1441  3  3      748     737     787
    1442  3  3      737     775     787
    1443  3  3      760     750     788
    1444  3  3      760     788     692
    1445  3  3      750     782     788
    1446  3  3      774     779     777
    1447  3  3      774     777     764
    1448  3  3      775     754     759
    1449  3  3      759     754     747
    1450  3  3      783     780     789
    1451  3  3      789     780     786
    1452  3  3      786     780     778
    1453  3  3      778     780     781
    1454  3  3      782     783     791
    1455  3  3      791     783     792
    1456  3  3      792     783     789
    1457  3  3      768     692     788
    1458  3  3      761     675     764
    1459  3  3      763     756     769
    1460  3  3      755     761     770
    1461  3  3      771     770     779
    1462  3  3      759     699     775
    1463  3  3      699     773     775
    1464  3  3      694     768     790
    1465  3  3      790     768     788
    1466  3  3      769     694     790
    1467  3  3      766     765     785
    1468  3  3      766     785     784
    1469  3  3      765     763     792
    1470  3  3      792     763     769
    1471  3  3      791     792     769
    1472  3  3      764     777     761
    1473  3  3      773     787     775
    1474  3  3      777     779     770
    1475  3  3      770     761     777
    1476  3  3      788     782     790
    1477  3  3      782     791     790
    1478  3  3      792     789     785
    1479  3  3      792     785     765
    1480  3  3      789     786     785
    1481  3  3      785     786     784
    1482  3  3      769     790     791
ENDOFSECTION
       ELEMENT GROUP 2.4.6
GROUP:          1 ELEMENTS:       1482 MATERIAL:          2 NFLAGS:          1
                           fluid
       0
       1       2       3       4       5       6       7       8       9      10
      11      12      13      14      15      16      17      18      19      20
      21      22      23      24      25      26      27      28      29      30
      31      32      33      34      35      36      37      38      39      40
      41      42      43      44      45      46      47      48      49      50
      51      52      53      54      55      56      57      58      59      60
      61      62      63      64      65      66      67      68      69      70
      71      72      73      74      75      76      77      78      79      80
      81      82      83      84      85      86      87      88      89      90
      91      92      93      94      95      96      97      98      99     100
     101     102     103     104     105     106     107     108     109     110
     111     112     113     114     115     116     117     118     119     120
     121     122     123     124     125     126     127     128     129     130
     131     132     133     134     135     136     137     138     139     140
     141     142     143     144     145     146     147     148     149     150
     151     152     153     154     155     156     157     158     159     160
     161     162     163     164     165     166     167     168     169     170
     171     172     173     174     175     176     177     178     179     180
     181     182     183     184     185     186     187     188     189     190
     191     192     193     194     195     196     197     198     199     200
     201     202     203     204     205     206     207     208     209     210
     211     212     213     214     215     216     217     218     219     220
     221     222     223     224     225     226     227     228     229     230
     231     232     233     234     235     236     237     238     239     240
     241     242     243     244     245     246     247     248     249     250
     251     252     253     254     255     256     257     258     259     260
     261     262     263     264     265     266     267     268     269     270
     271     272     273     274     275     276     277     278     279     280
     281     282     283     284     285     286     287     288     289     290
     291     292     293     294     295     296     297     298     299     300
     301     302     303     304     305     306     307     308     309     310
     311     312     313     314     315     316     317     318     319     320
     321     322     323     324     325     326     327     328     329     330
     331     332     333     334     335     336     337     338     339     340
     341     342     343     344     345     346     347     348     349     350
     351     352     353     354     355     356     357     358     359     360
     361     362     363     364     365     366     367     368     369     370
     371     372     373     374     375     376     377     378     379     380
     381     382     383     384     385     386     387     388     389     390
     391     392     393     394     395     396     397     398     399     400
     401     402     403     404     405     406     407     408     409     410
     411     412     413     414     415     416     417     418     419     420
     421     422     423     424     425     426     427     428     429     430
     431     432     433     434     435     436     437     438     439     440
     441     442     443     444     445     446     447     448     449     450
     451     452     453     454     455     456     457     458     459     460
     461     462     463     464     465     466     467     468     469     470
     471     472     473     474     475     476     477     478     479     480
     481     482     483     484     485     486     487     488     489     490
     491     492     493     494     495     496     497     498     499     500
     501     502     503     504     505     506     507     508     509     510
     511     512     513     514     515     516     517     518     519     520
     521     522     523     524     525     526     527     528     529     530
     531     532     533     534     535     536     537     538     539     540
     541     542     543     544     545     546     547     548     549     550
     551     552     553     554     555     556     557     558     559     560
     561     562     563     564     565     566     567     568     569     570
     571     572     573     574     575     576     577     578     579     580
     581     582     583     584     585     586     587     588     589     590
     591     592     593     594     595     596     597     598     599     600
     601     602     603     604     605     606     607     608     609     610
     611     612     613     614     615     616     617     618     619     620
     621     622     623     624     625     626     627     628     629     630
     631     632     633     634     635     636     637     638     639     640
     641     642     643     644     645     646     647     648     649     650
     651     652     653     654     655     656     657     658     659     660
     661     662     663     664     665     666     667     668     669     670
     671     672     673     674     675     676     677     678     679     680
     681     682     683     684     685     686     687     688     689     690
     691     692     693     694     695     696     697     698     699     700
     701     702     703     704     705     706     707     708     709     710
     711     712     713     714     715     716     717     718     719     720
     721     722     723     724     725     726     727     728     729     730
     731     732     733     734     735     736     737     738     739     740
     741     742     743     744     745     746     747     748     749     750
     751     752     753     754     755     756     757     758     759     760
     761     762     763     764     765     766     767     768     769     770
     771     772     773     774     775     776     777     778     779     780
     781     782     783     784     785     786     787     788     789     790
     791     792     793     794     795     796     797     798     799     800
     801     802     803     804     805     806     807     808     809     810
     811     812     813     814     815     816     817     818     819     820
     821     822     823     824     825     826     827     828     829     830
     831     832     833     834     835     836     837     838     839     840
     841     842     843     844     845     846     847     848     849     850
     851     852     853     854     855     856     857     858     859     860
     861     862     863     864     865     866     867     868     869     870
     871     872     873     874     875     876     877     878     879     880
     881     882     883     884     885     886     887     888     889     890
     891     892     893     894     895     896     897     898     899     900
     901     902     903     904     905     906     907     908     909     910
     911     912     913     914     915     916     917     918     919     920
     921     922     923     924     925     926     927     928     929     930
     931     932     933     934     935     936     937     938     939     940
     941     942     943     944     945     946     947     948     949     950
     951     952     953     954     955     956     957     958     959     960
     961     962     963     964     965     966     967     968     969     970
     971     972     973     974     975     976     977     978     979     980
     981     982     983     984     985     986     987     988     989     990
     991     992     993     994     995     996     997     998     999    1000
    1001    1002    1003    1004    1005    1006    1007    1008    1009    1010
    1011    1012    1013    1014    1015    1016    1017    1018    1019    1020
    1021    1022    1023    1024    1025    1026    1027    1028    1029    1030
    1031    1032    1033    1034    1035    1036    1037    1038    1039    1040
    1041    1042    1043    1044    1045    1046    1047    1048    1049    1050
    1051    1052    1053    1054    1055    1056    1057    1058    1059    1060
    1061    1062    1063    1064    1065    1066    1067    1068    1069    1070
    1071    1072    1073    1074    1075    1076    1077    1078    1079    1080
    1081    1082    1083    1084    1085    1086    1087    1088    1089    1090
    1091    1092    1093    1094    1095    1096    1097    1098    1099    1100
    1101    1102    1103    1104    1105    1106    1107    1108    1109    1110
    1111    1112    1113    1114    1115    1116    1117    1118    1119    1120
    1121    1122    1123    1124    1125    1126    1127    1128    1129    1130
    1131    1132    1133    1134    1135    1136    1137    1138    1139    1140
    1141    1142    1143    1144    1145    1146    1147    1148    1149    1150
    1151    1152    1153    1154    1155    1156    1157    1158    1159    1160
    1161    1162    1163    1164    1165    1166    1167    1168    1169    1170
    1171    1172    1173    1174    1175    1176    1177    1178    1179    1180
    1181    1182    1183    1184    1185    1186    1187    1188    1189    1190
    1191    1192    1193    1194    1195    1196    1197    1198    1199    1200
    1201    1202    1203    1204    1205    1206    1207    1208    1209    1210
    1211    1212    1213    1214    1215    1216    1217    1218    1219    1220
    1221    1222    1223    1224    1225    1226    1227    1228    1229    1230
    1231    1232    1233    1234    1235    1236    1237    1238    1239    1240
    1241    1242    1243    1244    1245    1246    1247    1248    1249    1250
    1251    1252    1253    1254    1255    1256    1257    1258    1259    1260
    1261    1262    1263    1264    1265    1266    1267    1268    1269    1270
    1271    1272    1273    1274    1275    1276    1277    1278    1279    1280
    1281    1282    1283    1284    1285    1286    1287    1288    1289    1290
    1291    1292    1293    1294    1295    1296    1297    1298    1299    1300
    1301    1302    1303    1304    1305    1306    1307    1308    1309    1310
    1311    1312    1313    1314    1315    1316    1317    1318    1319    1320
    1321    1322    1323    1324    1325    1326    1327    1328    1329    1330
    1331    1332    1333    1334    1335    1336    1337    1338    1339    1340
    1341    1342    1343    1344    1345    1346    1347    1348    1349    1350
    1351    1352    1353    1354    1355    1356    1357    1358    1359    1360
    1361    1362    1363    1364    1365    1366    1367    1368    1369    1370
    1371    1372    1373    1374    1375    1376    1377    1378    1379    1380
    1381    1382    1383    1384    1385    1386    1387    1388    1389    1390
    1391    1392    1393    1394    1395    1396    1397    1398    1399    1400
    1401    1402    1403    1404    1405    1406    1407    1408    1409    1410
    1411    1412    1413    1414    1415    1416    1417    1418    1419    1420
    1421    1422    1423    1424    1425    1426    1427    1428    1429    1430
    1431    1432    1433    1434    1435    1436    1437    1438    1439    1440
    1441    1442    1443    1444    1445    1446    1447    1448    1449    1450
    1451    1452    1453    1454    1455    1456    1457    1458    1459    1460
    1461    1462    1463    1464    1465    1466    1467    1468    1469    1470
    1471    1472    1473    1474    1475    1476    1477    1478    1479    1480
    1481    1482
ENDOFSECTION
 BOUNDARY CONDITIONS 2.4.6
                            wall       1     142       0       6
         3    3    1
        16    3    2
        18    3    2
        20    3    2
        22    3    2
        24    3    2
        26    3    2
         2    3    2
         3    3    2
        10    3    3
        12    3    3
        14    3    3
        81    3    3
        65    3    3
        39    3    3
        33    3    3
         4    3    2
         1    3    2
        63    3    3
        69    3    3
        71    3    3
        73    3    3
        75    3    3
        77    3    3
        61    3    2
        57    3    2
        53    3    2
        49    3    2
        41    3    2
         2    3    1
         1    3    1
        43    3    2
        45    3    2
        47    3    2
        51    3    2
        55    3    2
        79    3    2
        67    3    2
        59    3    2
        37    3    2
        31    3    2
         4    3    1
       148    3    2
       168    3    2
       184    3    2
       200    3    2
       218    3    2
       266    3    2
       280    3    2
       292    3    2
       304    3    2
       316    3    2
       326    3    2
       334    3    2
       336    3    3
       328    3    3
       318    3    3
       310    3    3
       296    3    3
       284    3    3
       272    3    3
       258    3    3
       208    3    3
       192    3    3
       176    3    3
       158    3    3
       145    3    1
       152    3    2
       164    3    2
       180    3    2
       196    3    2
       236    3    2
       268    3    2
       282    3    2
       294    3    2
       306    3    2
       314    3    2
       322    3    2
       332    3    2
       330    3    3
       324    3    3
       320    3    3
       312    3    3
       302    3    3
       288    3    3
       274    3    3
       262    3    3
       214    3    3
       198    3    3
       182    3    3
       166    3    3
       147    3    1
       150    3    2
       156    3    2
       172    3    2
       188    3    2
       204    3    2
       212    3    2
       240    3    2
       244    3    2
       248    3    2
       254    3    2
       260    3    2
       270    3    2
       278    3    2
       286    3    2
       298    3    2
       308    3    2
       300    3    3
       290    3    3
       276    3    3
       264    3    3
       216    3    3
       194    3    3
       178    3    3
       162    3    3
       151    3    1
       146    3    2
       160    3    2
       174    3    2
       190    3    2
       206    3    2
       252    3    2
       256    3    3
       250    3    3
       246    3    3
       242    3    3
       238    3    3
       234    3    3
       232    3    3
       230    3    3
       228    3    3
       226    3    3
       224    3    3
       222    3    3
       220    3    3
       210    3    3
       202    3    3
       186    3    3
       170    3    3
       154    3    3
       149    3    1
ENDOFSECTION
